AU_ID,waterbody,huc12,n_samples,n_stations,date_range,Fecal Coliform (MF)_n,Fecal Coliform (MF)_exceed_pct,"Fe, Total_n","Fe, Total_exceed_pct",pH_n,pH_exceed_pct,DO_n,DO_exceed_pct,Specific Conductance_n,Specific Conductance_exceed_pct,impairments,n_impairments,impaired,"Mn, Total_n","Mn, Total_exceed_pct",Sulfate (SO4)_n,Sulfate (SO4)_exceed_pct,Hot Acidity_n,Hot Acidity_exceed_pct,"Al, Dissolved_n","Al, Dissolved_exceed_pct","Se, Total_n","Se, Total_exceed_pct"
WV-OGL-10-AY-42_01,Joes Creek,Headwaters Trace Fork,13,1,1998-05-28 00:00:00 to 2018-06-13 00:00:00,13.0,23.076923076923077,13.0,0.0,12.0,0.0,12.0,0.0,12.0,0.0,Fecal Coliform (MF),1,True,,,,,,,,,,
WV-OGL-10-AY-44_01,Rockhouse Branch,Headwaters Trace Fork,1,1,1998-05-07 00:00:00 to 1998-05-07 00:00:00,,,,,,,,,,,None,0,False,,,,,,,,,,
WV-OGL-10-BA-1_01,Straight Fork,Buffalo Creek-Mud River,13,2,1998-05-04 00:00:00 to 2018-07-03 00:00:00,12.0,25.0,12.0,0.0,12.0,0.0,12.0,0.0,12.0,0.0,"Fecal Coliform (MF), Hot Acidity",2,True,3.0,0.0,3.0,0.0,3.0,100.0,,,,
WV-OGL-10-BL-2_01,Meadow Branch,Middle Fork Mud River,12,1,1998-05-06 00:00:00 to 2018-06-04 00:00:00,12.0,58.333333333333336,11.0,0.0,12.0,0.0,12.0,0.0,12.0,0.0,Fecal Coliform (MF),1,True,,,,,,,,,,
WV-OGL-10-BL-3_01,Trace Creek,Middle Fork Mud River,13,2,1998-05-28 00:00:00 to 2018-06-06 00:00:00,13.0,30.76923076923077,13.0,7.6923076923076925,13.0,0.0,13.0,0.0,13.0,0.0,"Fecal Coliform (MF), Hot Acidity",2,True,4.0,0.0,4.0,0.0,4.0,100.0,3.0,0.0,3.0,0.0
WV-OGL-10-BL-3-C_01,Tincture Fork,Middle Fork Mud River,1,1,1998-05-06 00:00:00 to 1998-05-06 00:00:00,,,,,,,,,,,None,0,False,,,,,,,,,,
WV-OGL-10-BL-18-A_01,Valley Fork,Middle Fork Mud River,12,2,1998-05-26 00:00:00 to 2018-06-11 00:00:00,12.0,50.0,11.0,9.090909090909092,12.0,0.0,12.0,0.0,12.0,0.0,Fecal Coliform (MF),1,True,,,,,,,,,,
WV-OGL-10-BL-19_02,Sugartree Fork,Middle Fork Mud River,16,4,1998-05-26 00:00:00 to 2018-06-12 00:00:00,16.0,50.0,14.0,0.0,15.0,0.0,15.0,0.0,15.0,0.0,"Fecal Coliform (MF), Hot Acidity",2,True,3.0,0.0,3.0,0.0,3.0,100.0,,,,
WV-OGL-10-BL-19-E_01,Sand Fork,Middle Fork Mud River,12,1,1998-05-26 00:00:00 to 2018-06-12 00:00:00,12.0,16.666666666666664,11.0,18.181818181818183,12.0,0.0,12.0,0.0,12.0,0.0,"Fecal Coliform (MF), Fe, Total",2,True,,,,,,,,,,
WV-OGL-10-O_01,Little Cabell Creek,Merrick Creek-Mud River,12,1,1998-05-26 00:00:00 to 2018-06-05 00:00:00,12.0,16.666666666666664,12.0,8.333333333333332,12.0,0.0,12.0,0.0,12.0,0.0,Fecal Coliform (MF),1,True,,,,,,,,,,
WV-OGL-10-CC_01,Sandlick Branch,Big Creek-Mud River,12,2,1998-05-21 00:00:00 to 2018-06-27 00:00:00,12.0,66.66666666666666,11.0,0.0,12.0,0.0,12.0,0.0,12.0,0.0,Fecal Coliform (MF),1,True,,,,,,,,,,
WV-OGL-10-CH-5_01,Dry Fork,Big Creek-Mud River,12,2,1998-05-21 00:00:00 to 2018-06-28 00:00:00,12.0,16.666666666666664,11.0,0.0,12.0,0.0,12.0,0.0,12.0,0.0,Fecal Coliform (MF),1,True,,,,,,,,,,
WV-OGL-10-CH-7_01,Big Branch,Big Creek-Mud River,12,1,1998-05-28 00:00:00 to 2018-06-28 00:00:00,11.0,9.090909090909092,10.0,0.0,11.0,0.0,11.0,0.0,11.0,0.0,None,0,False,,,,,,,,,,
WV-OGL-10-CL_02,Big Creek,Big Creek-Mud River,15,3,1998-05-21 00:00:00 to 2018-06-27 00:00:00,14.0,64.28571428571429,13.0,15.384615384615385,14.0,0.0,14.0,0.0,14.0,0.0,"Fecal Coliform (MF), Fe, Total, Hot Acidity",3,True,3.0,0.0,3.0,0.0,3.0,100.0,,,,
WV-OGL-10-CL_01,Big Creek,Big Creek-Mud River,12,2,1998-05-19 00:00:00 to 2018-06-27 00:00:00,11.0,9.090909090909092,11.0,0.0,11.0,0.0,11.0,0.0,11.0,0.0,None,0,False,,,,,,,,,,
WV-OGL-15_01,Mill Creek,Smith Creek-Guyandotte River,12,2,1998-05-18 00:00:00 to 2018-06-12 00:00:00,11.0,36.36363636363637,11.0,0.0,11.0,0.0,11.0,0.0,11.0,0.0,Fecal Coliform (MF),1,True,,,,,,,,,,
WV-OGL-136_01,Big Branch,Crawley Creek-Guyandotte River,13,1,1998-05-13 00:00:00 to 2018-06-27 00:00:00,12.0,16.666666666666664,11.0,0.0,10.0,0.0,10.0,0.0,10.0,0.0,Fecal Coliform (MF),1,True,8.0,0.0,,,,,,,,
WV-OGL-137_01,Buffalo Creek,Crawley Creek-Guyandotte River,29,5,1998-05-13 00:00:00 to 2019-10-25 00:00:00,26.0,15.384615384615385,27.0,0.0,25.0,0.0,22.0,0.0,25.0,44.0,"Fecal Coliform (MF), Specific Conductance, Hot Acidity",3,True,24.0,0.0,11.0,9.090909090909092,26.0,100.0,25.0,0.0,25.0,0.0
WV-OGL-23-B_01,Upper Heath Creek,Smith Creek-Guyandotte River,13,1,1998-05-21 00:00:00 to 2018-06-19 00:00:00,12.0,58.333333333333336,12.0,0.0,11.0,0.0,9.0,11.11111111111111,11.0,0.0,"Fecal Coliform (MF), DO, Hot Acidity",3,True,3.0,0.0,3.0,0.0,3.0,100.0,,,,
WV-OGL-10-B_01,Tanyard Branch,Merrick Creek-Mud River,27,5,1998-05-18 00:00:00 to 2020-10-21 00:00:00,10.0,80.0,9.0,0.0,23.0,4.3478260869565215,19.0,0.0,23.0,26.08695652173913,"Fecal Coliform (MF), Specific Conductance",2,True,,,13.0,0.0,,,,,,
WV-OGL-10-AJ-2_01,Indian Fork,Mill Creek-Mud River,12,1,1998-05-15 00:00:00 to 2018-06-18 00:00:00,12.0,66.66666666666666,11.0,18.181818181818183,12.0,0.0,12.0,0.0,12.0,0.0,"Fecal Coliform (MF), Fe, Total",2,True,11.0,0.0,,,,,,,,
WV-OGL-10-AM_01,Brush Creek,Charley Creek-Mud River,13,1,1998-05-15 00:00:00 to 2021-09-16 00:00:00,12.0,50.0,11.0,0.0,12.0,0.0,12.0,0.0,12.0,0.0,Fecal Coliform (MF),1,True,10.0,0.0,,,,,,,,
WV-OGL-10-AO_01,Charley Creek,Charley Creek-Mud River,13,1,1998-05-29 00:00:00 to 2018-06-05 00:00:00,13.0,46.15384615384615,13.0,23.076923076923077,13.0,0.0,13.0,0.0,13.0,0.0,"Fecal Coliform (MF), Fe, Total, Hot Acidity",3,True,3.0,0.0,3.0,0.0,3.0,100.0,,,,
WV-OGL-10-AR-2_01,Fallen Fork,Charley Creek-Mud River,1,1,1998-05-04 00:00:00 to 1998-05-04 00:00:00,,,,,,,,,,,None,0,False,,,,,,,,,,
WV-OGL-10-AX_01,Trace Creek,Charley Creek-Mud River,16,2,1998-05-04 00:00:00 to 2020-04-29 00:00:00,16.0,12.5,15.0,0.0,16.0,0.0,16.0,0.0,16.0,0.0,"Fecal Coliform (MF), Hot Acidity",2,True,6.0,0.0,6.0,0.0,6.0,100.0,6.0,0.0,5.0,0.0
WV-OGL-10-AY_03,Trace Fork,Headwaters Trace Fork,15,1,1998-05-29 00:00:00 to 2018-06-20 00:00:00,13.0,53.84615384615385,13.0,15.384615384615385,12.0,0.0,12.0,0.0,12.0,0.0,"Fecal Coliform (MF), Fe, Total, Hot Acidity",3,True,3.0,0.0,3.0,0.0,3.0,100.0,,,,
WV-OGL-10-AY_05,Trace Fork,Outlet Trace Fork,14,1,1998-06-09 00:00:00 to 2018-06-21 00:00:00,13.0,15.384615384615385,13.0,23.076923076923077,12.0,0.0,12.0,8.333333333333332,12.0,0.0,"Fecal Coliform (MF), Fe, Total",2,True,,,,,,,,,,
WV-OGL-10-AY-7_01,Coon Creek,Outlet Trace Fork,16,1,1998-05-04 00:00:00 to 2021-02-08 00:00:00,16.0,18.75,15.0,20.0,14.0,0.0,14.0,0.0,14.0,0.0,"Fecal Coliform (MF), Fe, Total, Hot Acidity",3,True,4.0,0.0,4.0,0.0,4.0,100.0,4.0,0.0,4.0,0.0
WV-OGL-10-AY-10_01,Big Creek,Outlet Trace Fork,20,4,1998-05-28 00:00:00 to 2022-05-05 00:00:00,19.0,47.368421052631575,20.0,5.0,19.0,0.0,19.0,0.0,19.0,0.0,"Fecal Coliform (MF), Hot Acidity",2,True,10.0,0.0,10.0,0.0,10.0,100.0,9.0,0.0,9.0,0.0
WV-OGL-10-AY-14_01,Sycamore Creek,Outlet Trace Fork,13,2,1998-06-09 00:00:00 to 2018-06-21 00:00:00,12.0,33.33333333333333,11.0,9.090909090909092,12.0,0.0,12.0,0.0,12.0,0.0,Fecal Coliform (MF),1,True,,,,,,,,,,
WV-OGL-10-AY-20_01,Clymer Creek,Outlet Trace Fork,15,2,1998-05-27 00:00:00 to 2018-06-06 00:00:00,15.0,26.666666666666668,14.0,7.142857142857142,13.0,0.0,13.0,0.0,13.0,0.0,Fecal Coliform (MF),1,True,,,,,,,,,,
WV-OGL-10-AY-22-A-2_01,UNT/Kellys Creek RM 1.27,Headwaters Trace Fork,12,2,1998-05-28 00:00:00 to 2018-06-21 00:00:00,11.0,81.81818181818183,11.0,0.0,11.0,0.0,11.0,0.0,11.0,0.0,Fecal Coliform (MF),1,True,,,,,,,,,,
WV-OGL-10-AY-29_01,Martin Run,Headwaters Trace Fork,2,2,1998-05-06 00:00:00 to 2017-07-18 00:00:00,,,,,,,,,,,None,0,False,,,,,,,,,,
WV-OGL-10-AY-19_01,Nelson Hollow,Outlet Trace Fork,1,1,1998-05-04 00:00:00 to 1998-05-04 00:00:00,,,,,,,,,,,None,0,False,,,,,,,,,,
WV-OGL-10-AY-26-F_01,Lefthand Fork,Headwaters Trace Fork,12,1,1998-05-07 00:00:00 to 2018-06-14 00:00:00,12.0,33.33333333333333,11.0,0.0,12.0,0.0,12.0,0.0,12.0,0.0,Fecal Coliform (MF),1,True,,,,,,,,,,
WV-OGL-10-AY-30_01,Bridge Creek,Headwaters Trace Fork,14,2,1998-05-27 00:00:00 to 2018-06-14 00:00:00,14.0,42.857142857142854,14.0,0.0,13.0,0.0,13.0,0.0,13.0,0.0,"Fecal Coliform (MF), Hot Acidity",2,True,3.0,0.0,3.0,0.0,3.0,100.0,,,,
WV-OGL-10-AY-30-E_01,Flint Hollow,Headwaters Trace Fork,1,1,1998-05-06 00:00:00 to 1998-05-06 00:00:00,,,,,,,,,,,None,0,False,,,,,,,,,,
WV-OGL-10-AY-40-G_01,Donley Fork,Headwaters Trace Fork,1,1,1998-05-27 00:00:00 to 1998-05-27 00:00:00,,,,,,,,,,,None,0,False,,,,,,,,,,
WV-OGL-10-CL-10_01,Laurel Fork,Big Creek-Mud River,12,1,1998-05-28 00:00:00 to 2018-06-27 00:00:00,11.0,18.181818181818183,10.0,0.0,11.0,0.0,11.0,0.0,11.0,0.0,Fecal Coliform (MF),1,True,,,,,,,,,,
WV-OGL-10-CS_02,Left Fork/Mud River,Left Fork Mud River,15,2,1998-05-27 00:00:00 to 2018-06-25 00:00:00,14.0,21.428571428571427,12.0,8.333333333333332,14.0,0.0,14.0,0.0,14.0,0.0,"Fecal Coliform (MF), Hot Acidity",2,True,,,5.0,0.0,3.0,100.0,3.0,0.0,5.0,0.0
WV-OGL-10-CS_01,Left Fork/Mud River,Left Fork Mud River,25,4,1998-05-27 00:00:00 to 2018-06-26 00:00:00,25.0,40.0,25.0,0.0,25.0,8.0,25.0,0.0,25.0,0.0,"Fecal Coliform (MF), Hot Acidity",2,True,5.0,0.0,5.0,0.0,5.0,100.0,4.0,0.0,4.0,0.0
WV-OGL-10-CS-8_01,Sycamore Fork,Left Fork Mud River,14,2,1998-05-27 00:00:00 to 2018-06-25 00:00:00,13.0,30.76923076923077,12.0,8.333333333333332,13.0,0.0,13.0,0.0,13.0,0.0,"Fecal Coliform (MF), Hot Acidity",2,True,3.0,0.0,3.0,0.0,3.0,100.0,3.0,0.0,3.0,0.0
WV-OGL-10-Q_02,Big Cabell Creek,Big Cabell Creek-Mud River,28,6,1998-05-26 00:00:00 to 2018-06-13 00:00:00,28.0,25.0,27.0,7.4074074074074066,25.0,0.0,27.0,0.0,27.0,0.0,"Fecal Coliform (MF), Hot Acidity",2,True,5.0,0.0,5.0,0.0,5.0,100.0,3.0,0.0,3.0,0.0
WV-OGL-10-CY_01,Upton Branch,Ballard Fork-Mud River,17,4,1998-05-19 00:00:00 to 2019-10-21 00:00:00,16.0,31.25,15.0,0.0,16.0,0.0,16.0,0.0,16.0,0.0,"Fecal Coliform (MF), Hot Acidity",2,True,5.0,0.0,6.0,0.0,5.0,100.0,4.0,0.0,5.0,0.0
WV-OGL-10-DM_01,Stonecoal Branch,Ballard Fork-Mud River,44,4,1998-05-18 00:00:00 to 2022-02-02 00:00:00,17.0,17.647058823529413,17.0,0.0,50.0,0.0,49.0,0.0,50.0,94.0,"Fecal Coliform (MF), Se, Total, Specific Conductance, Sulfate (SO4), Hot Acidity",5,True,,,18.0,94.44444444444444,17.0,100.0,17.0,0.0,18.0,94.44444444444444
WV-OGL-10-DN_01,Berry Branch,Ballard Fork-Mud River,20,4,1998-05-19 00:00:00 to 2022-02-02 00:00:00,14.0,7.142857142857142,16.0,0.0,20.0,0.0,20.0,0.0,20.0,90.0,"Se, Total, Specific Conductance, Sulfate (SO4), Hot Acidity",4,True,5.0,0.0,12.0,75.0,16.0,100.0,14.0,0.0,17.0,88.23529411764706
WV-OGL-10-EC_01,Lukey Fork,Ballard Fork-Mud River,87,2,1998-05-18 00:00:00 to 2022-02-02 00:00:00,27.0,11.11111111111111,28.0,28.57142857142857,113.0,0.0,111.0,0.9009009009009009,113.0,42.47787610619469,"Fecal Coliform (MF), Fe, Total, Se, Total, Specific Conductance, Sulfate (SO4), Hot Acidity",6,True,4.0,0.0,46.0,45.65217391304348,24.0,100.0,23.0,0.0,29.0,31.03448275862069
WV-OGL-10-AC_02,Lower Creek,Big Cabell Creek-Mud River,15,3,1998-05-26 00:00:00 to 2018-06-11 00:00:00,15.0,40.0,15.0,0.0,15.0,0.0,14.0,0.0,15.0,0.0,"Fecal Coliform (MF), Hot Acidity",2,True,5.0,0.0,5.0,0.0,5.0,100.0,4.0,0.0,4.0,0.0
WV-OGL-10-AC-5-B_01,Tony Branch,Big Cabell Creek-Mud River,12,2,1998-05-04 00:00:00 to 2018-06-11 00:00:00,12.0,8.333333333333332,11.0,0.0,12.0,0.0,11.0,0.0,12.0,0.0,None,0,False,,,,,,,,,,
WV-OGL-10-AD_02,Mill Creek,Mill Creek-Mud River,26,4,1998-05-04 00:00:00 to 2018-06-18 00:00:00,26.0,19.230769230769234,24.0,12.5,25.0,0.0,23.0,4.3478260869565215,25.0,0.0,"Fecal Coliform (MF), Fe, Total",2,True,,,,,,,,,,
WV-OGL-10-AD-9_01,Left Fork/Mill Creek,Mill Creek-Mud River,21,6,1998-05-04 00:00:00 to 2025-05-29 00:00:00,15.0,13.333333333333334,17.0,0.0,18.0,0.0,17.0,0.0,19.0,0.0,"Fecal Coliform (MF), Hot Acidity",2,True,8.0,0.0,8.0,0.0,7.0,100.0,7.0,0.0,7.0,0.0
WV-OGL-10-AD-10_01,Right Fork/Mill Creek,Mill Creek-Mud River,12,1,1998-05-26 00:00:00 to 2018-06-18 00:00:00,11.0,27.27272727272727,10.0,0.0,11.0,0.0,11.0,9.090909090909092,11.0,0.0,Fecal Coliform (MF),1,True,,,,,,,,,,
WV-OGL-53-W_01,Falls Branch,Fourmile Creek,12,2,1998-05-27 00:00:00 to 2018-06-07 00:00:00,11.0,90.9090909090909,11.0,9.090909090909092,11.0,0.0,11.0,0.0,11.0,0.0,"Fecal Coliform (MF), Hot Acidity",2,True,,,5.0,0.0,11.0,100.0,10.0,0.0,10.0,0.0
WV-OGL-60-D_01,Horseshoe Branch,Tenmile Creek-Guyandotte River,1,1,1998-05-13 00:00:00 to 1998-05-13 00:00:00,,,,,,,,,,,None,0,False,,,,,,,,,,
WV-OGL-12_01,Davis Creek,Davis Creek-Guyandotte River,26,1,1998-05-18 00:00:00 to 2020-10-21 00:00:00,13.0,30.76923076923077,12.0,0.0,23.0,0.0,22.0,0.0,23.0,4.3478260869565215,"Fecal Coliform (MF), Hot Acidity",2,True,4.0,0.0,14.0,0.0,4.0,100.0,4.0,0.0,4.0,0.0
WV-OGL-12-B_01,Edens Branch,Davis Creek-Guyandotte River,25,2,1998-05-18 00:00:00 to 2020-10-21 00:00:00,11.0,72.72727272727273,10.0,0.0,20.0,0.0,17.0,0.0,19.0,5.263157894736842,Fecal Coliform (MF),1,True,,,9.0,0.0,,,,,,
WV-OGL-63_01,Stout Creek,Tenmile Creek-Guyandotte River,13,2,1998-05-13 00:00:00 to 2018-06-04 00:00:00,13.0,15.384615384615385,13.0,7.6923076923076925,12.0,8.333333333333332,12.0,0.0,12.0,0.0,Fecal Coliform (MF),1,True,,,,,,,,,,
WV-OGL-66-O_01,Plum Branch,Tenmile Creek-Guyandotte River,19,2,1998-05-27 00:00:00 to 2025-06-09 00:00:00,13.0,7.6923076923076925,17.0,5.88235294117647,16.0,6.25,16.0,0.0,16.0,0.0,Hot Acidity,1,True,9.0,0.0,9.0,0.0,9.0,100.0,8.0,0.0,4.0,0.0
WV-OGL-75_02,Fourteenmile Creek,Fourteenmile Creek-Guyandotte River,15,2,1998-05-06 00:00:00 to 2018-06-19 00:00:00,14.0,21.428571428571427,13.0,7.6923076923076925,13.0,0.0,13.0,7.6923076923076925,13.0,0.0,"Fecal Coliform (MF), Hot Acidity",2,True,3.0,0.0,3.0,0.0,3.0,100.0,3.0,0.0,3.0,0.0
WV-OGL-75-A_01,Lick Branch,Fourteenmile Creek-Guyandotte River,13,1,1998-05-06 00:00:00 to 2018-06-06 00:00:00,13.0,53.84615384615385,12.0,0.0,13.0,0.0,13.0,0.0,13.0,0.0,Fecal Coliform (MF),1,True,,,,,,,,,,
WV-OGL-75-B_01,East Fork/Fourteenmile Creek,Fourteenmile Creek-Guyandotte River,12,1,1998-05-06 00:00:00 to 2018-06-19 00:00:00,12.0,33.33333333333333,11.0,9.090909090909092,12.0,0.0,12.0,0.0,12.0,0.0,Fecal Coliform (MF),1,True,,,,,,,,,,
WV-OGL-75-H-1_01,Nelson Fork,Fourteenmile Creek-Guyandotte River,14,3,1998-03-10 00:00:00 to 2018-06-19 00:00:00,13.0,15.384615384615385,12.0,0.0,13.0,0.0,13.0,7.6923076923076925,13.0,0.0,Fecal Coliform (MF),1,True,,,,,,,,,,
WV-OGL-80_01,Aarons Creek,Fourteenmile Creek-Guyandotte River,14,2,1998-05-11 00:00:00 to 2018-06-13 00:00:00,14.0,64.28571428571429,13.0,0.0,12.0,0.0,12.0,0.0,11.0,0.0,Fecal Coliform (MF),1,True,,,,,,,,,,
WV-OGL-86_01,Hamilton Creek,Fourteenmile Creek-Guyandotte River,13,1,1998-05-11 00:00:00 to 2018-06-13 00:00:00,13.0,23.076923076923077,12.0,0.0,13.0,0.0,13.0,0.0,12.0,0.0,Fecal Coliform (MF),1,True,,,,,,,,,,
WV-OGL-88_01,Little Ugly Creek,Fourteenmile Creek-Guyandotte River,13,1,1998-05-11 00:00:00 to 2018-06-13 00:00:00,12.0,16.666666666666664,11.0,0.0,11.0,0.0,11.0,0.0,10.0,0.0,Fecal Coliform (MF),1,True,,,,,,,,,,
WV-OGL-89_04,Big Ugly Creek,Big Ugly Creek,17,2,1998-05-19 00:00:00 to 2021-09-15 00:00:00,15.0,6.666666666666667,15.0,0.0,13.0,0.0,13.0,0.0,13.0,0.0,Hot Acidity,1,True,4.0,0.0,4.0,0.0,15.0,100.0,14.0,0.0,14.0,0.0
WV-OGL-89_02,Big Ugly Creek,Big Ugly Creek,18,2,1998-05-19 00:00:00 to 2020-10-01 00:00:00,13.0,30.76923076923077,12.0,0.0,18.0,0.0,18.0,0.0,18.0,27.77777777777778,"Fecal Coliform (MF), Se, Total, Specific Conductance, Hot Acidity",4,True,,,10.0,10.0,12.0,100.0,11.0,0.0,11.0,18.181818181818183
WV-OGL-89-B_01,Pigeonroost Creek,Big Ugly Creek,15,3,1998-03-10 00:00:00 to 2021-01-20 00:00:00,13.0,7.6923076923076925,13.0,0.0,13.0,23.076923076923077,13.0,0.0,13.0,0.0,"pH, Hot Acidity",2,True,4.0,0.0,6.0,0.0,13.0,100.0,12.0,0.0,12.0,0.0
WV-OGL_09,Guyandotte River (Lower),Crawley Creek-Guyandotte River,230,7,1981-06-25 00:00:00 to 2025-09-18 00:00:00,202.0,46.53465346534654,222.0,10.36036036036036,193.0,0.0,190.0,0.0,192.0,38.54166666666667,"Fecal Coliform (MF), Fe, Total, Specific Conductance, Hot Acidity",4,True,199.0,1.0050251256281406,198.0,0.0,213.0,100.0,206.0,0.0,166.0,0.0
WV-OGL-24_01,Merritt Creek,Smith Creek-Guyandotte River,26,4,1998-05-21 00:00:00 to 2018-06-19 00:00:00,24.0,45.83333333333333,23.0,4.3478260869565215,24.0,0.0,23.0,0.0,24.0,0.0,"Fecal Coliform (MF), Hot Acidity",2,True,6.0,0.0,6.0,0.0,6.0,100.0,6.0,0.0,6.0,0.0
WV-OGL-24-B_01,Right Fork/Merritt Creek,Smith Creek-Guyandotte River,12,1,1998-05-21 00:00:00 to 2018-06-20 00:00:00,12.0,41.66666666666667,11.0,9.090909090909092,12.0,0.0,11.0,0.0,12.0,0.0,Fecal Coliform (MF),1,True,,,,,,,,,,
WV-OGL-27_01,Smith Creek,Smith Creek-Guyandotte River,29,2,1998-05-12 00:00:00 to 2025-04-16 00:00:00,25.0,52.0,25.0,12.0,23.0,0.0,22.0,0.0,23.0,0.0,"Fecal Coliform (MF), Fe, Total, Hot Acidity",3,True,6.0,0.0,6.0,0.0,6.0,100.0,6.0,0.0,6.0,0.0
WV-OGL-30-D_01,UNT/Trace Creek RM 3.17,Smith Creek-Guyandotte River,1,1,1998-05-12 00:00:00 to 1998-05-12 00:00:00,,,,,,,,,,,None,0,False,,,,,,,,,,
WV-OGL-10_08,Mud River,Merrick Creek-Mud River,86,9,1974-02-19 00:00:00 to 2021-09-14 00:00:00,77.0,67.53246753246754,75.0,40.0,69.0,1.4492753623188406,75.0,1.3333333333333335,70.0,14.285714285714285,"Fecal Coliform (MF), Fe, Total, Specific Conductance, Hot Acidity",4,True,47.0,4.25531914893617,62.0,0.0,56.0,100.0,34.0,0.0,60.0,0.0
WV-OGL-10_07,Mud River,Charley Creek-Mud River,17,3,1998-05-14 00:00:00 to 2018-06-11 00:00:00,17.0,35.294117647058826,16.0,31.25,15.0,0.0,15.0,0.0,15.0,53.333333333333336,"Fecal Coliform (MF), Fe, Total, Specific Conductance, Hot Acidity",4,True,5.0,0.0,4.0,0.0,16.0,100.0,15.0,0.0,15.0,0.0
WV-OGL-10_05,Mud River,Big Creek-Mud River,76,8,1998-03-30 00:00:00 to 2020-10-01 00:00:00,63.0,22.22222222222222,63.0,15.873015873015872,64.0,0.0,64.0,0.0,64.0,51.5625,"Fecal Coliform (MF), Fe, Total, Se, Total, Specific Conductance, Sulfate (SO4), Hot Acidity",6,True,18.0,0.0,32.0,25.0,63.0,100.0,61.0,0.0,60.0,26.666666666666668
WV-OGL-10_02,Mud River,Ballard Fork-Mud River,48,6,1998-05-18 00:00:00 to 2024-08-28 00:00:00,11.0,0.0,19.0,0.0,41.0,0.0,41.0,0.0,41.0,100.0,"Se, Total, Specific Conductance, Sulfate (SO4), Hot Acidity",4,True,20.0,0.0,38.0,100.0,31.0,100.0,17.0,0.0,31.0,83.87096774193549
WV-OGL-46_01,UNT/Guyandotte River RM 33.39,Madison Creek-Guyandotte River,15,2,1998-05-22 00:00:00 to 2019-10-30 00:00:00,10.0,60.0,9.0,33.33333333333333,12.0,0.0,11.0,18.181818181818183,13.0,7.6923076923076925,"Fecal Coliform (MF), Fe, Total, DO",3,True,7.0,0.0,,,,,,,,
WV-OGL-53_03,Fourmile Creek,Fourmile Creek,18,4,1998-05-22 00:00:00 to 2018-06-19 00:00:00,16.0,18.75,15.0,6.666666666666667,17.0,0.0,17.0,0.0,17.0,0.0,"Fecal Coliform (MF), Hot Acidity",2,True,4.0,0.0,4.0,0.0,15.0,100.0,15.0,0.0,12.0,0.0
WV-OGL-53-B_01,Lowgap Branch,Fourmile Creek,12,1,1998-05-22 00:00:00 to 2018-06-18 00:00:00,11.0,36.36363636363637,10.0,10.0,11.0,0.0,11.0,0.0,11.0,0.0,"Fecal Coliform (MF), Hot Acidity",2,True,,,4.0,0.0,10.0,100.0,10.0,0.0,10.0,0.0
WV-OGL-89-G_01,Laurel Creek,Big Ugly Creek,30,5,1998-05-18 00:00:00 to 2025-07-14 00:00:00,27.0,14.814814814814813,29.0,0.0,27.0,0.0,27.0,0.0,26.0,0.0,"Fecal Coliform (MF), Hot Acidity",2,True,7.0,0.0,14.0,0.0,29.0,100.0,28.0,0.0,28.0,3.571428571428571
WV-OGL-89-G-11_01,Right Fork/Laurel Creek,Big Ugly Creek,14,2,1998-05-18 00:00:00 to 2018-06-20 00:00:00,14.0,7.142857142857142,14.0,0.0,12.0,0.0,12.0,0.0,12.0,0.0,Hot Acidity,1,True,,,6.0,0.0,14.0,100.0,13.0,0.0,13.0,0.0
WV-OGL-89-M_01,Sulphur Creek,Big Ugly Creek,13,2,1998-05-19 00:00:00 to 2019-10-30 00:00:00,11.0,18.181818181818183,10.0,0.0,12.0,0.0,11.0,0.0,12.0,0.0,"Fecal Coliform (MF), Hot Acidity",2,True,,,4.0,0.0,10.0,100.0,10.0,0.0,10.0,0.0
WV-OGL-89-T_01,Lefthand Creek,Big Ugly Creek,16,2,1998-05-19 00:00:00 to 2019-10-30 00:00:00,15.0,26.666666666666668,14.0,0.0,14.0,0.0,13.0,0.0,14.0,0.0,"Fecal Coliform (MF), Hot Acidity",2,True,,,5.0,0.0,14.0,100.0,14.0,0.0,13.0,0.0
WV-OGL-89-Y_01,Little Deadening Creek,Big Ugly Creek,13,1,1998-05-19 00:00:00 to 2018-06-19 00:00:00,6.0,16.666666666666664,5.0,0.0,5.0,0.0,5.0,0.0,5.0,0.0,"Fecal Coliform (MF), Hot Acidity",2,True,,,3.0,0.0,5.0,100.0,5.0,0.0,5.0,0.0
WV-OGL-89-T-5_01,Pigeonroost Fork,Big Ugly Creek,1,1,1998-05-19 00:00:00 to 1998-05-19 00:00:00,,,,,,,,,,,None,0,False,,,,,,,,,,
WV-OGL-93_01,Sand Creek,Fourteenmile Creek-Guyandotte River,16,3,1998-05-11 00:00:00 to 2021-02-24 00:00:00,16.0,12.5,15.0,6.666666666666667,15.0,6.666666666666667,15.0,0.0,14.0,0.0,"Fecal Coliform (MF), Hot Acidity",2,True,5.0,0.0,5.0,0.0,5.0,100.0,5.0,0.0,4.0,0.0
WV-OGL-95_01,Dry Run,Fourteenmile Creek-Guyandotte River,16,3,1998-05-11 00:00:00 to 2019-10-30 00:00:00,14.0,85.71428571428571,13.0,0.0,15.0,0.0,13.0,0.0,14.0,0.0,"Fecal Coliform (MF), Hot Acidity",2,True,3.0,0.0,3.0,0.0,3.0,100.0,3.0,0.0,3.0,0.0
WV-OGL-96-C_01,Short Bend Fork,Fourteenmile Creek-Guyandotte River,15,3,1998-05-11 00:00:00 to 2019-10-30 00:00:00,13.0,38.46153846153847,12.0,8.333333333333332,13.0,0.0,12.0,0.0,13.0,0.0,Fecal Coliform (MF),1,True,,,,,,,,,,
WV-OGL-96-E_01,Laurel Fork,Fourteenmile Creek-Guyandotte River,16,3,1998-05-11 00:00:00 to 2019-10-30 00:00:00,13.0,92.3076923076923,14.0,0.0,15.0,0.0,13.0,0.0,14.0,0.0,"Fecal Coliform (MF), Hot Acidity",2,True,4.0,0.0,3.0,0.0,3.0,100.0,3.0,0.0,3.0,0.0
WV-OGL-96-G_01,Mudlick Branch,Fourteenmile Creek-Guyandotte River,42,3,1998-05-11 00:00:00 to 2020-10-22 00:00:00,30.0,50.0,10.0,10.0,51.0,0.0,50.0,0.0,50.0,0.0,Fecal Coliform (MF),1,True,,,19.0,0.0,,,,,,
WV-OGL-96-H_01,Gartin Fork,Fourteenmile Creek-Guyandotte River,2,1,1998-05-11 00:00:00 to 2019-10-30 00:00:00,,,,,,,,,,,None,0,False,,,,,,,,,,
WV-OGL-99-A-5_01,Workman Fork,Big Harts Creek,13,3,1998-05-20 00:00:00 to 2018-06-04 00:00:00,13.0,38.46153846153847,12.0,0.0,12.0,0.0,12.0,0.0,11.0,0.0,Fecal Coliform (MF),1,True,,,,,,,,,,
WV-OGL-99-A-4_01,Marsh Fork,Big Harts Creek,14,2,1998-05-20 00:00:00 to 2022-06-15 00:00:00,13.0,84.61538461538461,14.0,0.0,12.0,0.0,12.0,0.0,11.0,0.0,"Fecal Coliform (MF), Hot Acidity",2,True,3.0,0.0,3.0,0.0,3.0,100.0,,,,
WV-OGL-99-E_01,Caney Branch,Big Harts Creek,13,1,1998-05-14 00:00:00 to 2019-10-21 00:00:00,11.0,36.36363636363637,10.0,0.0,12.0,0.0,11.0,0.0,11.0,0.0,Fecal Coliform (MF),1,True,,,,,,,,,,
WV-OGL-99-G_01,Thompson Branch,Big Harts Creek,13,1,1998-05-14 00:00:00 to 2019-10-16 00:00:00,11.0,81.81818181818183,10.0,0.0,11.0,0.0,10.0,0.0,10.0,0.0,Fecal Coliform (MF),1,True,,,,,,,,,,
WV-OGL-99-J_02,Smokehouse Fork,Big Harts Creek,15,2,1998-05-14 00:00:00 to 2019-10-16 00:00:00,14.0,64.28571428571429,13.0,0.0,14.0,0.0,13.0,0.0,13.0,0.0,"Fecal Coliform (MF), Hot Acidity",2,True,4.0,0.0,4.0,0.0,4.0,100.0,4.0,0.0,4.0,0.0
WV-OGL-99-J-3_01,Wolfpen Branch,Big Harts Creek,1,1,1998-05-04 00:00:00 to 1998-05-04 00:00:00,,,,,,,,,,,None,0,False,,,,,,,,,,
WV-OGL-99-K-4_01,Adams Branch,Big Harts Creek,2,1,1998-05-04 00:00:00 to 2019-10-21 00:00:00,,,,,,,,,,,None,0,False,,,,,,,,,,
WV-OGL-99-L_01,Buck Fork,Big Harts Creek,30,7,1998-05-14 00:00:00 to 2019-10-21 00:00:00,27.0,44.44444444444444,27.0,0.0,28.0,0.0,25.0,0.0,26.0,3.8461538461538463,"Fecal Coliform (MF), Hot Acidity",2,True,6.0,0.0,8.0,0.0,6.0,100.0,5.0,0.0,5.0,0.0
WV-OGL-99-M_01,Hoover Fork,Big Harts Creek,19,2,1998-05-04 00:00:00 to 2025-04-16 00:00:00,17.0,17.647058823529413,17.0,0.0,17.0,0.0,16.0,0.0,16.0,0.0,"Fecal Coliform (MF), Hot Acidity",2,True,7.0,0.0,10.0,0.0,16.0,100.0,16.0,0.0,16.0,0.0
WV-OGL-99-N_01,Henderson Branch,Big Harts Creek,13,2,1998-05-04 00:00:00 to 2019-10-21 00:00:00,12.0,50.0,11.0,0.0,12.0,0.0,11.0,0.0,11.0,0.0,Fecal Coliform (MF),1,True,,,,,,,,,,
WV-OGL-99-Q_01,Bulwark Branch,Big Harts Creek,20,2,1998-05-04 00:00:00 to 2022-06-15 00:00:00,18.0,44.44444444444444,18.0,0.0,19.0,0.0,18.0,0.0,18.0,0.0,"Fecal Coliform (MF), Hot Acidity",2,True,7.0,0.0,7.0,0.0,7.0,100.0,7.0,0.0,7.0,0.0
WV-OGL-111_01,Limestone Branch,Fourteenmile Creek-Guyandotte River,25,5,1998-05-06 00:00:00 to 2020-09-29 00:00:00,12.0,16.666666666666664,13.0,15.384615384615385,25.0,16.0,21.0,0.0,25.0,28.000000000000004,"Fecal Coliform (MF), Fe, Total, Mn, Total, pH, Specific Conductance, Sulfate (SO4), Hot Acidity",7,True,5.0,40.0,13.0,15.384615384615385,11.0,100.0,10.0,0.0,,
WV-OGL-112-C_01,Thomas Hollow,Big Creek,1,1,1998-05-06 00:00:00 to 1998-05-06 00:00:00,,,,,,,,,,,None,0,False,,,,,,,,,,
WV-OGL-112_03,Big Creek,Big Creek,26,3,1998-05-20 00:00:00 to 2018-07-10 00:00:00,24.0,58.333333333333336,24.0,0.0,23.0,0.0,23.0,0.0,23.0,0.0,"Fecal Coliform (MF), Hot Acidity",2,True,5.0,0.0,10.0,0.0,24.0,100.0,23.0,0.0,23.0,0.0
WV-OGL-112-D_01,Ed Stone Branch,Big Creek,19,2,1998-05-05 00:00:00 to 2020-09-29 00:00:00,12.0,50.0,12.0,8.333333333333332,19.0,0.0,17.0,0.0,19.0,15.789473684210526,"Fecal Coliform (MF), Specific Conductance, Sulfate (SO4), Hot Acidity",4,True,3.0,0.0,12.0,25.0,12.0,100.0,11.0,0.0,11.0,0.0
WV-OGL-112-D-1_01,North Branch/Ed Stone Branch,Big Creek,13,1,1998-05-05 00:00:00 to 2019-10-22 00:00:00,12.0,41.66666666666667,12.0,16.666666666666664,13.0,0.0,12.0,0.0,13.0,0.0,"Fecal Coliform (MF), Fe, Total, Hot Acidity",3,True,,,7.0,0.0,12.0,100.0,11.0,0.0,11.0,0.0
WV-OGL-112-E-7_01,Chapman Branch,Big Creek,13,1,1998-05-05 00:00:00 to 2018-07-10 00:00:00,12.0,83.33333333333334,11.0,9.090909090909092,12.0,0.0,12.0,8.333333333333332,12.0,0.0,Fecal Coliform (MF),1,True,,,,,,,,,,
WV-OGL-112-F_01,Vickers Branch,Big Creek,14,1,1998-05-05 00:00:00 to 2019-10-22 00:00:00,12.0,16.666666666666664,12.0,8.333333333333332,14.0,7.142857142857142,12.0,0.0,14.0,57.14285714285714,"Fecal Coliform (MF), Specific Conductance, Hot Acidity",3,True,,,7.0,0.0,12.0,100.0,11.0,9.090909090909092,11.0,0.0
WV-OGL-112-G_01,UNT/Big Creek RM 3.28,Big Creek,13,2,1998-05-06 00:00:00 to 2018-12-14 00:00:00,9.0,0.0,10.0,0.0,10.0,100.0,9.0,0.0,10.0,0.0,"Al, Dissolved, pH, Hot Acidity",3,True,3.0,0.0,7.0,0.0,10.0,100.0,9.0,77.77777777777779,8.0,0.0
WV-OGL-112-I-7_01,Dog Fork,Big Creek,13,2,1998-05-05 00:00:00 to 2019-10-22 00:00:00,11.0,18.181818181818183,10.0,10.0,12.0,0.0,11.0,0.0,12.0,0.0,Fecal Coliform (MF),1,True,,,,,,,,,,
WV-OGL-112-H-1_01,Perrys Branch,Big Creek,20,3,1998-05-06 00:00:00 to 2020-09-29 00:00:00,12.0,0.0,13.0,7.6923076923076925,20.0,15.0,17.0,0.0,20.0,0.0,"Al, Dissolved, pH, Hot Acidity",3,True,3.0,0.0,12.0,0.0,13.0,100.0,12.0,16.666666666666664,12.0,0.0
WV-OGL-113_01,Lily Branch,Crawley Creek-Guyandotte River,1,1,1998-05-06 00:00:00 to 1998-05-06 00:00:00,,,,,,,,,,,None,0,False,,,,,,,,,,
WV-OGL-121_01,Fowler Branch,Crawley Creek-Guyandotte River,20,4,1998-05-13 00:00:00 to 2020-09-30 00:00:00,12.0,83.33333333333334,12.0,8.333333333333332,20.0,0.0,17.0,0.0,20.0,45.0,"Fecal Coliform (MF), Specific Conductance, Hot Acidity",3,True,3.0,0.0,13.0,0.0,12.0,100.0,11.0,0.0,11.0,0.0
WV-OGL-117-B_01,Canoe Fork,Crawley Creek-Guyandotte River,14,1,1998-05-06 00:00:00 to 2019-10-16 00:00:00,13.0,69.23076923076923,12.0,0.0,13.0,0.0,12.0,8.333333333333332,13.0,0.0,Fecal Coliform (MF),1,True,,,,,,,,,,
WV-OGL-117-M_01,South Fork/Crawley Creek,Crawley Creek-Guyandotte River,20,3,1998-05-13 00:00:00 to 2021-04-13 00:00:00,13.0,38.46153846153847,13.0,0.0,20.0,0.0,18.0,0.0,20.0,95.0,"Fecal Coliform (MF), Specific Conductance, Sulfate (SO4), Hot Acidity",4,True,3.0,0.0,14.0,64.28571428571429,13.0,100.0,12.0,0.0,13.0,0.0
WV-OGL-125_01,Godby Branch,Crawley Creek-Guyandotte River,19,3,1998-05-13 00:00:00 to 2020-09-17 00:00:00,12.0,66.66666666666666,13.0,0.0,19.0,10.526315789473683,17.0,0.0,19.0,42.10526315789473,"Fecal Coliform (MF), pH, Specific Conductance, Hot Acidity",4,True,12.0,0.0,12.0,8.333333333333332,12.0,100.0,11.0,0.0,11.0,0.0
UMT,UMT/Merrick Creek RM 0.79,Merrick Creek-Mud River,96,37,1998-05-13 00:00:00 to 2023-04-25 00:00:00,,,,,78.0,2.564102564102564,58.0,0.0,80.0,70.0,"Se, Total, Specific Conductance, Sulfate (SO4)",3,True,,,24.0,20.833333333333336,,,,,4.0,25.0
WV-OGL-135_01,Mill Creek,Crawley Creek-Guyandotte River,16,1,1998-05-13 00:00:00 to 2021-02-09 00:00:00,16.0,62.5,14.0,7.142857142857142,15.0,6.666666666666667,15.0,0.0,15.0,0.0,"Fecal Coliform (MF), Hot Acidity",2,True,6.0,0.0,8.0,0.0,14.0,100.0,14.0,0.0,14.0,0.0
WV-OGL_13,Guyandotte River (Lower),Davis Creek-Guyandotte River,442,6,1974-02-19 00:00:00 to 2025-09-17 00:00:00,403.0,73.94540942928039,353.0,31.1614730878187,401.0,0.24937655860349126,409.0,0.24449877750611246,397.0,19.64735516372796,"Fecal Coliform (MF), Fe, Total, Specific Conductance, Hot Acidity",4,True,341.0,0.8797653958944283,412.0,0.24271844660194172,359.0,100.0,165.0,0.0,160.0,1.25
WV-OGL-1_01,Deitz Hollow (Pats Branch),Davis Creek-Guyandotte River,20,3,1999-11-23 00:00:00 to 2018-06-12 00:00:00,19.0,73.68421052631578,19.0,0.0,20.0,0.0,19.0,0.0,20.0,95.0,"Fecal Coliform (MF), Specific Conductance, Sulfate (SO4)",3,True,17.0,5.88235294117647,10.0,40.0,,,,,,
WV-OGL-10-R_01,Edmonds Branch,Big Cabell Creek-Mud River,11,1,2017-08-16 00:00:00 to 2018-06-13 00:00:00,11.0,45.45454545454545,11.0,0.0,10.0,0.0,11.0,0.0,11.0,0.0,Fecal Coliform (MF),1,True,,,,,,,,,,
WV-OGL-30_01,Trace Creek,Smith Creek-Guyandotte River,23,2,2013-11-19 00:00:00 to 2018-06-20 00:00:00,23.0,34.78260869565217,23.0,4.3478260869565215,23.0,0.0,23.0,0.0,23.0,0.0,"Fecal Coliform (MF), Hot Acidity",2,True,3.0,0.0,3.0,0.0,3.0,100.0,3.0,0.0,3.0,0.0
WV-OGL-30-C_01,UNT/Trace Creek RM 2.88,Smith Creek-Guyandotte River,13,2,2017-07-14 00:00:00 to 2018-06-27 00:00:00,12.0,25.0,12.0,8.333333333333332,12.0,0.0,11.0,0.0,12.0,0.0,Fecal Coliform (MF),1,True,,,,,,,,,,
WV-OGL-10-Q-9_01,Big Hill Hollow,Big Cabell Creek-Mud River,11,1,2017-08-16 00:00:00 to 2018-06-13 00:00:00,11.0,18.181818181818183,11.0,0.0,10.0,0.0,11.0,9.090909090909092,11.0,0.0,Fecal Coliform (MF),1,True,,,,,,,,,,
WV-OGL-60_01,Sixmile Creek,Tenmile Creek-Guyandotte River,30,4,2002-06-04 00:00:00 to 2024-05-06 00:00:00,27.0,7.4074074074074066,28.0,0.0,28.0,0.0,28.0,0.0,28.0,0.0,Hot Acidity,1,True,8.0,0.0,8.0,0.0,8.0,100.0,8.0,0.0,7.0,0.0
WV-OGL-66-N_01,Laurel Fork,Tenmile Creek-Guyandotte River,1,1,2002-06-03 00:00:00 to 2002-06-03 00:00:00,,,,,,,,,,,None,0,False,,,,,,,,,,
WV-OGL-34_01,Madison Creek,Madison Creek-Guyandotte River,32,4,2002-06-04 00:00:00 to 2025-04-17 00:00:00,28.0,32.142857142857146,29.0,10.344827586206897,27.0,0.0,26.0,0.0,27.0,0.0,"Fecal Coliform (MF), Fe, Total, Hot Acidity",3,True,10.0,0.0,10.0,0.0,9.0,100.0,9.0,0.0,9.0,0.0
WV-OGL-10-AC-6_01,Left Fork/Lower Creek,Big Cabell Creek-Mud River,12,2,2002-06-04 00:00:00 to 2018-06-11 00:00:00,12.0,0.0,12.0,0.0,12.0,0.0,11.0,9.090909090909092,12.0,0.0,None,0,False,,,,,,,,,,
WV-OGL-99-J_01,Smokehouse Fork,Big Harts Creek,26,3,2003-04-23 00:00:00 to 2021-02-09 00:00:00,24.0,87.5,24.0,0.0,26.0,0.0,24.0,0.0,24.0,0.0,"Fecal Coliform (MF), Hot Acidity",2,True,4.0,0.0,4.0,0.0,4.0,100.0,4.0,0.0,3.0,0.0
WV-OGL-10-AY-42-F_01,Tango Branch,Headwaters Trace Fork,16,2,2003-04-22 00:00:00 to 2020-04-30 00:00:00,16.0,31.25,16.0,12.5,15.0,0.0,15.0,0.0,15.0,0.0,"Fecal Coliform (MF), Fe, Total, Hot Acidity",3,True,6.0,0.0,6.0,0.0,6.0,100.0,6.0,0.0,5.0,0.0
WV-OGL-5-A_01,UNT/Russell Creek RM 0.20,Davis Creek-Guyandotte River,35,3,2017-08-14 00:00:00 to 2020-10-20 00:00:00,12.0,66.66666666666666,12.0,8.333333333333332,45.0,0.0,42.0,4.761904761904762,45.0,33.33333333333333,"Fecal Coliform (MF), Specific Conductance",2,True,,,8.0,0.0,,,,,,
WV-OGL-5_01,Russell Creek,Davis Creek-Guyandotte River,42,4,2013-11-19 00:00:00 to 2020-10-20 00:00:00,14.0,28.57142857142857,14.0,0.0,52.0,0.0,48.0,0.0,52.0,7.6923076923076925,"Fecal Coliform (MF), Hot Acidity",2,True,4.0,0.0,17.0,0.0,4.0,100.0,4.0,0.0,4.0,0.0
WV-OGL-10-AH_01,Johns Branch,Mill Creek-Mud River,13,1,2004-04-27 00:00:00 to 2018-06-14 00:00:00,13.0,76.92307692307693,13.0,0.0,10.0,0.0,12.0,0.0,12.0,0.0,Fecal Coliform (MF),1,True,12.0,0.0,,,,,,,,
WV-OGL-10-AC-5_01,Right Fork/Lower Creek,Big Cabell Creek-Mud River,11,1,2017-08-22 00:00:00 to 2018-06-11 00:00:00,11.0,18.181818181818183,11.0,0.0,11.0,0.0,10.0,0.0,11.0,0.0,Fecal Coliform (MF),1,True,,,,,,,,,,
WV-OGL-10-AD-9-F_01,UNT/Left Fork RM 2.48/Mill Creek,Mill Creek-Mud River,30,1,2008-04-08 00:00:00 to 2025-04-17 00:00:00,19.0,21.052631578947366,28.0,0.0,24.0,8.333333333333332,25.0,0.0,25.0,0.0,"Fecal Coliform (MF), Hot Acidity",2,True,19.0,0.0,19.0,0.0,19.0,100.0,17.0,0.0,18.0,0.0
WV-OGL-10-S-5_01,Little Fudges Creek,Big Cabell Creek-Mud River,12,1,2017-08-24 00:00:00 to 2018-06-13 00:00:00,12.0,25.0,12.0,0.0,10.0,0.0,11.0,9.090909090909092,11.0,0.0,Fecal Coliform (MF),1,True,,,,,,,,,,
WV-OGL-28_01,Cavill Creek,Smith Creek-Guyandotte River,25,3,2005-05-02 00:00:00 to 2018-06-14 00:00:00,24.0,45.83333333333333,24.0,8.333333333333332,21.0,0.0,21.0,4.761904761904762,22.0,0.0,"Fecal Coliform (MF), Hot Acidity",2,True,4.0,0.0,4.0,0.0,4.0,100.0,4.0,0.0,4.0,0.0
WV-OGL-10-S_01,Fudges Creek,Big Cabell Creek-Mud River,27,3,2003-09-15 00:00:00 to 2018-06-13 00:00:00,27.0,66.66666666666666,26.0,7.6923076923076925,23.0,0.0,23.0,4.3478260869565215,25.0,0.0,"Fecal Coliform (MF), Hot Acidity",2,True,6.0,0.0,6.0,0.0,6.0,100.0,6.0,0.0,6.0,0.0
WV-OGL-10-S-2_01,Wire Branch,Big Cabell Creek-Mud River,16,1,2006-04-18 00:00:00 to 2023-05-02 00:00:00,14.0,64.28571428571429,14.0,7.142857142857142,13.0,0.0,14.0,0.0,14.0,0.0,"Fecal Coliform (MF), Hot Acidity",2,True,4.0,0.0,4.0,0.0,4.0,100.0,4.0,0.0,4.0,0.0
WV-OGL_11,Guyandotte River (Lower),Madison Creek-Guyandotte River,145,8,1970-01-06 00:00:00 to 2025-09-17 00:00:00,130.0,39.23076923076923,132.0,27.27272727272727,97.0,0.0,124.0,0.8064516129032258,89.0,38.20224719101123,"Fecal Coliform (MF), Fe, Total, Specific Conductance, Hot Acidity",4,True,110.0,3.6363636363636362,112.0,2.6785714285714284,96.0,100.0,59.0,0.0,53.0,0.0
WV-OGL-64_02,Ninemile Creek,Tenmile Creek-Guyandotte River,26,2,2003-09-17 00:00:00 to 2018-07-11 00:00:00,26.0,19.230769230769234,25.0,0.0,26.0,0.0,26.0,0.0,26.0,0.0,"Fecal Coliform (MF), Hot Acidity",2,True,3.0,0.0,3.0,0.0,3.0,100.0,3.0,0.0,3.0,0.0
WV-OGL-66_02,Tenmile Creek,Tenmile Creek-Guyandotte River,16,2,2003-09-17 00:00:00 to 2018-06-05 00:00:00,16.0,0.0,16.0,12.5,14.0,7.142857142857142,14.0,0.0,14.0,0.0,"Fe, Total, Hot Acidity",2,True,6.0,0.0,6.0,0.0,6.0,100.0,6.0,0.0,5.0,0.0
WV-OGL-89_03,Big Ugly Creek,Big Ugly Creek,13,1,2003-09-25 00:00:00 to 2019-10-30 00:00:00,12.0,25.0,11.0,0.0,13.0,0.0,12.0,0.0,13.0,0.0,"Fecal Coliform (MF), Hot Acidity",2,True,,,5.0,0.0,11.0,100.0,11.0,0.0,11.0,0.0
WV-OGL-99_04,Big Harts Creek,Big Harts Creek,30,6,2003-09-24 00:00:00 to 2019-10-21 00:00:00,27.0,40.74074074074074,26.0,0.0,26.0,0.0,25.0,0.0,25.0,0.0,"Fecal Coliform (MF), Hot Acidity",2,True,6.0,0.0,10.0,0.0,26.0,100.0,26.0,0.0,26.0,0.0
WV-OGL-99_01,Big Harts Creek,Big Harts Creek,27,7,2003-09-24 00:00:00 to 2019-10-21 00:00:00,23.0,60.86956521739131,22.0,0.0,27.0,0.0,23.0,0.0,25.0,0.0,"Fecal Coliform (MF), Hot Acidity",2,True,,,7.0,0.0,12.0,100.0,12.0,0.0,12.0,0.0
WV-OGL-99-A_02,West Fork/Big Harts Creek,Big Harts Creek,14,4,2003-09-24 00:00:00 to 2019-10-16 00:00:00,13.0,53.84615384615385,12.0,0.0,12.0,0.0,12.0,0.0,12.0,0.0,Fecal Coliform (MF),1,True,,,,,,,,,,
WV-OGL-112-I_01,Trace Fork,Big Creek,25,6,2003-09-23 00:00:00 to 2020-09-29 00:00:00,14.0,50.0,13.0,0.0,24.0,0.0,18.0,0.0,24.0,16.666666666666664,"Fecal Coliform (MF), Specific Conductance, Hot Acidity",3,True,,,13.0,0.0,13.0,100.0,13.0,0.0,13.0,0.0
WV-OGL-112-H_02,Garrett Fork,Big Creek,14,3,2003-09-23 00:00:00 to 2018-07-03 00:00:00,14.0,57.14285714285714,13.0,15.384615384615385,13.0,0.0,13.0,0.0,13.0,0.0,"Fecal Coliform (MF), Fe, Total, Hot Acidity",3,True,,,6.0,0.0,13.0,100.0,13.0,0.0,13.0,0.0
WV-OGL-117_02,Crawley Creek,Crawley Creek-Guyandotte River,39,4,2003-09-24 00:00:00 to 2020-09-30 00:00:00,28.0,78.57142857142857,27.0,7.4074074074074066,35.0,0.0,35.0,0.0,35.0,48.57142857142857,"Fecal Coliform (MF), Specific Conductance, Sulfate (SO4), Hot Acidity",4,True,6.0,0.0,25.0,16.0,27.0,100.0,27.0,0.0,26.0,0.0
WV-OGL-10-AO_02,Charley Creek,Charley Creek-Mud River,14,2,2003-09-16 00:00:00 to 2018-06-05 00:00:00,14.0,21.428571428571427,13.0,7.6923076923076925,13.0,0.0,13.0,15.384615384615385,13.0,0.0,"Fecal Coliform (MF), DO, Hot Acidity",3,True,3.0,0.0,3.0,0.0,3.0,100.0,3.0,0.0,3.0,0.0
WV-OGL-10-AY-10_02,Big Creek,Outlet Trace Fork,13,2,2003-09-24 00:00:00 to 2018-06-05 00:00:00,13.0,30.76923076923077,12.0,8.333333333333332,13.0,0.0,13.0,0.0,13.0,0.0,Fecal Coliform (MF),1,True,,,,,,,,,,
WV-OGL-10-BL-18_02,Straight Fork,Middle Fork Mud River,25,2,2003-09-24 00:00:00 to 2021-01-19 00:00:00,25.0,56.00000000000001,24.0,12.5,25.0,0.0,25.0,0.0,25.0,0.0,"Fecal Coliform (MF), Fe, Total, Hot Acidity",3,True,4.0,0.0,4.0,0.0,4.0,100.0,4.0,0.0,4.0,0.0
WV-OGL-75-F_01,Sulphur Spring Fork,Fourteenmile Creek-Guyandotte River,14,2,2004-04-28 00:00:00 to 2021-09-15 00:00:00,14.0,64.28571428571429,14.0,0.0,14.0,0.0,14.0,0.0,14.0,0.0,Fecal Coliform (MF),1,True,,,,,,,,,,
WV-OGL-10-CS-6_01,Stinson Branch,Left Fork Mud River,25,3,2004-04-27 00:00:00 to 2019-05-29 00:00:00,24.0,29.166666666666668,24.0,4.166666666666666,24.0,0.0,24.0,0.0,24.0,0.0,"Fecal Coliform (MF), Hot Acidity",2,True,4.0,0.0,4.0,0.0,4.0,100.0,4.0,0.0,4.0,0.0
WV-OGL-112-I-4_01,Hurricane Branch,Big Creek,13,2,2004-04-29 00:00:00 to 2019-10-22 00:00:00,12.0,16.666666666666664,12.0,16.666666666666664,13.0,0.0,12.0,0.0,13.0,0.0,"Fecal Coliform (MF), Fe, Total",2,True,,,,,,,,,,
WV-OGL-10-BL-16-A_01,UNT/Billy Creek RM 0.32,Middle Fork Mud River,14,1,2004-04-26 00:00:00 to 2025-06-11 00:00:00,8.0,0.0,9.0,22.22222222222222,7.0,0.0,7.0,0.0,7.0,0.0,"Fe, Total, Hot Acidity",2,True,4.0,0.0,4.0,0.0,4.0,100.0,4.0,0.0,4.0,0.0
WV-OGL-89-G_02,Laurel Creek,Big Ugly Creek,14,2,2004-04-28 00:00:00 to 2018-06-20 00:00:00,14.0,28.57142857142857,14.0,0.0,13.0,0.0,13.0,0.0,13.0,0.0,"Fecal Coliform (MF), Hot Acidity",2,True,3.0,0.0,6.0,0.0,14.0,100.0,14.0,0.0,14.0,0.0
WV-OGL-10-AY-22-A_01,Kellys Creek,Headwaters Trace Fork,17,1,2002-06-04 00:00:00 to 2021-04-13 00:00:00,15.0,33.33333333333333,15.0,0.0,14.0,0.0,14.0,0.0,14.0,0.0,"Fecal Coliform (MF), Hot Acidity",2,True,5.0,0.0,5.0,0.0,5.0,100.0,5.0,0.0,5.0,0.0
WV-OGL-10-D_01,Cyrus Creek,Merrick Creek-Mud River,36,4,2017-08-15 00:00:00 to 2020-10-21 00:00:00,12.0,58.333333333333336,12.0,0.0,36.0,0.0,34.0,0.0,36.0,25.0,"Fecal Coliform (MF), Specific Conductance",2,True,,,15.0,0.0,,,,,,
WV-OGL-10-A_01,Merrick Creek,Merrick Creek-Mud River,66,4,2017-08-28 00:00:00 to 2020-10-21 00:00:00,13.0,23.076923076923077,13.0,0.0,86.0,0.0,83.0,0.0,87.0,34.48275862068966,"Fecal Coliform (MF), Specific Conductance",2,True,,,29.0,0.0,,,,,,
WV-OGL-53_01,Fourmile Creek,Fourmile Creek,15,2,2005-02-17 00:00:00 to 2018-06-18 00:00:00,15.0,26.666666666666668,15.0,6.666666666666667,15.0,0.0,15.0,0.0,15.0,0.0,"Fecal Coliform (MF), Hot Acidity",2,True,4.0,0.0,8.0,0.0,15.0,100.0,15.0,0.0,13.0,0.0
WV-OGL-53-C_01,Trace Fork,Fourmile Creek,13,1,2005-02-17 00:00:00 to 2018-06-18 00:00:00,11.0,36.36363636363637,11.0,9.090909090909092,12.0,0.0,12.0,0.0,12.0,0.0,"Fecal Coliform (MF), Hot Acidity",2,True,,,5.0,0.0,11.0,100.0,11.0,0.0,11.0,0.0
WV-OGL-53-D_01,Harless Fork,Fourmile Creek,13,1,2005-02-17 00:00:00 to 2018-06-18 00:00:00,11.0,27.27272727272727,12.0,16.666666666666664,13.0,0.0,13.0,7.6923076923076925,13.0,0.0,"Fecal Coliform (MF), Fe, Total, Hot Acidity",3,True,,,5.0,0.0,12.0,100.0,12.0,0.0,12.0,0.0
WV-OGL-47_01,Twomile Creek,Madison Creek-Guyandotte River,13,3,2005-05-04 00:00:00 to 2018-06-06 00:00:00,13.0,15.384615384615385,13.0,0.0,13.0,0.0,13.0,0.0,13.0,0.0,"Fecal Coliform (MF), Hot Acidity",2,True,13.0,0.0,3.0,0.0,3.0,100.0,3.0,0.0,3.0,0.0
WV-OGL-L5-082_a,Upper Mud River Reservoir,Ballard Fork-Mud River,69,21,2005-11-03 00:00:00 to 2022-06-07 00:00:00,26.0,0.0,9.0,0.0,301.0,1.6611295681063125,301.0,30.89700996677741,301.0,95.01661129568106,"DO, Specific Conductance, Sulfate (SO4), Hot Acidity",4,True,7.0,0.0,49.0,67.3469387755102,39.0,100.0,4.0,0.0,40.0,10.0
WV-OGL-64-G_01,Dick Fork,Tenmile Creek-Guyandotte River,2,1,2006-04-20 00:00:00 to 2006-04-20 00:00:00,,,,,,,,,,,None,0,False,,,,,,,,,,
WV-OGL-10-AO-6_01,Hudson Hollow,Charley Creek-Mud River,4,1,2006-04-19 00:00:00 to 2023-05-02 00:00:00,4.0,50.0,4.0,0.0,4.0,0.0,4.0,0.0,4.0,0.0,"Fecal Coliform (MF), Hot Acidity",2,True,4.0,0.0,4.0,0.0,4.0,100.0,4.0,0.0,4.0,0.0
WV-OGL-124_01,Conley Branch,Crawley Creek-Guyandotte River,1,1,2006-04-21 00:00:00 to 2006-04-21 00:00:00,,,,,,,,,,,None,0,False,,,,,,,,,,
WV-OGL-10-AQ_01,Little Twomile Creek,Charley Creek-Mud River,15,1,2006-04-19 00:00:00 to 2023-05-02 00:00:00,13.0,30.76923076923077,13.0,0.0,13.0,0.0,13.0,0.0,13.0,0.0,"Fecal Coliform (MF), Hot Acidity",2,True,4.0,0.0,4.0,0.0,4.0,100.0,4.0,0.0,4.0,0.0
WV-OGL-10_03,Mud River,Ballard Fork-Mud River,52,3,2006-12-21 00:00:00 to 2020-10-15 00:00:00,26.0,11.538461538461538,26.0,0.0,59.0,0.0,56.0,0.0,59.0,100.0,"Fecal Coliform (MF), Se, Total, Specific Conductance, Sulfate (SO4), Hot Acidity",5,True,4.0,0.0,22.0,100.0,27.0,100.0,26.0,0.0,24.0,95.83333333333334
WV-OGL-L5-082_b,Upper Mud River Reservoir,Left Fork Mud River,27,15,2006-12-21 00:00:00 to 2020-06-01 00:00:00,12.0,0.0,5.0,0.0,140.0,0.0,140.0,35.0,140.0,89.28571428571429,"DO, Specific Conductance, Sulfate (SO4), Hot Acidity",4,True,3.0,0.0,9.0,55.55555555555556,5.0,100.0,,,4.0,0.0
WV-OGL-L3-406,Barboursville Lake,Davis Creek-Guyandotte River,10,2,2008-07-24 00:00:00 to 2013-09-30 00:00:00,9.0,0.0,,,49.0,20.408163265306122,49.0,14.285714285714285,49.0,0.0,"pH, DO",2,True,,,,,,,,,,
WV-OGL-10_04,Mud River,Big Creek-Mud River,16,1,2008-09-18 00:00:00 to 2019-10-21 00:00:00,14.0,7.142857142857142,15.0,0.0,16.0,0.0,16.0,0.0,16.0,75.0,"Se, Total, Specific Conductance, Sulfate (SO4), Hot Acidity",4,True,4.0,0.0,6.0,83.33333333333334,15.0,100.0,14.0,0.0,16.0,68.75
WV-OGL-10-DW_01,Sugartree Branch,Ballard Fork-Mud River,179,3,2008-09-16 00:00:00 to 2020-12-03 00:00:00,117.0,6.837606837606838,118.0,0.0,204.0,0.0,204.0,0.0,205.0,100.0,"Se, Total, Specific Conductance, Sulfate (SO4), Hot Acidity",4,True,6.0,0.0,127.0,96.8503937007874,16.0,100.0,15.0,0.0,119.0,99.15966386554622
WV-OGL-10-DX_01,Stanley Fork,Ballard Fork-Mud River,26,2,2008-09-16 00:00:00 to 2020-10-14 00:00:00,14.0,0.0,14.0,0.0,26.0,0.0,26.0,0.0,26.0,100.0,"Se, Total, Specific Conductance, Sulfate (SO4), Hot Acidity",4,True,5.0,0.0,20.0,100.0,14.0,100.0,14.0,0.0,15.0,100.0
WV-OGL-64_01,Ninemile Creek,Tenmile Creek-Guyandotte River,14,2,2008-05-02 00:00:00 to 2018-06-04 00:00:00,12.0,16.666666666666664,13.0,0.0,13.0,0.0,13.0,0.0,13.0,0.0,"Fecal Coliform (MF), Hot Acidity",2,True,3.0,0.0,3.0,0.0,3.0,100.0,3.0,0.0,3.0,0.0
WV-OGL-99-K_01,Trace Fork,Big Harts Creek,27,3,2009-04-16 00:00:00 to 2019-10-21 00:00:00,25.0,24.0,25.0,0.0,25.0,0.0,23.0,0.0,23.0,0.0,"Fecal Coliform (MF), Hot Acidity",2,True,,,10.0,0.0,25.0,100.0,25.0,0.0,25.0,0.0
WV-OGL-10-EA_01,Ballard Fork,Ballard Fork-Mud River,24,1,2009-09-02 00:00:00 to 2020-10-14 00:00:00,12.0,0.0,12.0,0.0,24.0,0.0,24.0,0.0,24.0,91.66666666666666,"Specific Conductance, Sulfate (SO4), Hot Acidity",3,True,3.0,0.0,17.0,64.70588235294117,12.0,100.0,12.0,0.0,11.0,0.0
WVOGM-49-0.2A_NC,UNT/Ballard Fork RM 0.08,Ballard Fork-Mud River,3,2,2009-09-02 00:00:00 to 2019-10-16 00:00:00,,,,,3.0,0.0,,,3.0,100.0,Specific Conductance,1,True,,,,,,,,,,
WV-OGL-10-EA-2_01,UNT/Ballard Fork RM 0.33,Ballard Fork-Mud River,2,1,2009-09-02 00:00:00 to 2019-10-16 00:00:00,,,,,,,,,,,None,0,False,,,,,,,,,,
WV-OGL-10-DS_01_NC,Connelly Branch,Ballard Fork-Mud River,15,3,2006-04-19 00:00:00 to 2019-10-21 00:00:00,12.0,0.0,12.0,0.0,14.0,0.0,13.0,0.0,14.0,92.85714285714286,"Se, Total, Specific Conductance, Sulfate (SO4), Hot Acidity",4,True,,,6.0,100.0,12.0,100.0,12.0,0.0,12.0,100.0
WVOGM-48-A_NC,UNT/Stanley Fork RM 0.77,Ballard Fork-Mud River,3,2,2009-09-02 00:00:00 to 2019-10-22 00:00:00,,,,,3.0,0.0,,,3.0,100.0,Specific Conductance,1,True,,,,,,,,,,
WV-OGL-89-AA_01,Fawn Hollow,Big Ugly Creek,14,2,2013-11-20 00:00:00 to 2019-10-30 00:00:00,12.0,0.0,13.0,0.0,14.0,0.0,12.0,0.0,14.0,100.0,"Se, Total, Specific Conductance, Sulfate (SO4), Hot Acidity",4,True,,,6.0,100.0,12.0,100.0,12.0,0.0,13.0,92.3076923076923
WV-OGL-89-R_01,Broad Branch,Big Ugly Creek,13,1,2013-11-20 00:00:00 to 2019-10-30 00:00:00,12.0,25.0,12.0,0.0,13.0,0.0,12.0,0.0,13.0,0.0,"Fecal Coliform (MF), Hot Acidity",2,True,,,5.0,0.0,12.0,100.0,12.0,0.0,12.0,0.0
WV-OGL-10-AJ-7_01,Little Creek,Mill Creek-Mud River,11,1,2017-08-23 00:00:00 to 2018-06-18 00:00:00,10.0,20.0,10.0,0.0,10.0,0.0,10.0,0.0,10.0,0.0,Fecal Coliform (MF),1,True,10.0,0.0,,,,,,,,
WV-OGL-10-AJ_02,Kilgore Creek,Mill Creek-Mud River,11,1,2017-08-23 00:00:00 to 2018-06-18 00:00:00,11.0,36.36363636363637,11.0,9.090909090909092,11.0,0.0,11.0,9.090909090909092,11.0,0.0,Fecal Coliform (MF),1,True,11.0,0.0,,,,,,,,
WV-OGL-10-AJ-4_01,Lee Creek,Mill Creek-Mud River,11,1,2017-08-21 00:00:00 to 2018-06-07 00:00:00,11.0,27.27272727272727,11.0,0.0,11.0,9.090909090909092,11.0,0.0,11.0,0.0,Fecal Coliform (MF),1,True,11.0,0.0,,,,,,,,
WV-OGL-10-CR_01,Parsner Creek,Big Creek-Mud River,25,2,2011-06-09 00:00:00 to 2019-07-01 00:00:00,25.0,36.0,25.0,0.0,25.0,0.0,25.0,0.0,25.0,0.0,"Fecal Coliform (MF), Hot Acidity",2,True,3.0,0.0,3.0,0.0,3.0,100.0,3.0,0.0,3.0,0.0
WV-OGL-10-AD-9-E_01,UNT/Left Fork RM 1.97/Mill Creek,Mill Creek-Mud River,1,1,2011-04-13 00:00:00 to 2011-04-13 00:00:00,,,,,,,,,,,None,0,False,,,,,,,,,,
WV-OGL-10-AD-9-D_01,UNT/Left Fork RM 1.69/Mill Creek,Mill Creek-Mud River,70,1,2011-04-14 00:00:00 to 2025-09-30 00:00:00,36.0,11.11111111111111,46.0,0.0,66.0,0.0,66.0,4.545454545454546,67.0,0.0,"Fecal Coliform (MF), Hot Acidity",2,True,15.0,0.0,15.0,0.0,15.0,100.0,15.0,0.0,15.0,0.0
WV-OGL-10_06,Mud River,Buffalo Creek-Mud River,14,3,2012-08-28 00:00:00 to 2018-07-11 00:00:00,12.0,25.0,12.0,25.0,14.0,0.0,14.0,0.0,14.0,64.28571428571429,"Fecal Coliform (MF), Fe, Total, Specific Conductance, Hot Acidity",4,True,,,,,12.0,100.0,12.0,0.0,12.0,0.0
WV-OGL-44_01,Onemile Creek,Madison Creek-Guyandotte River,12,1,2013-11-20 00:00:00 to 2018-06-18 00:00:00,11.0,27.27272727272727,11.0,9.090909090909092,11.0,0.0,11.0,9.090909090909092,11.0,0.0,Fecal Coliform (MF),1,True,10.0,0.0,,,,,,,,
WV-OGL-38_01,Twomile Creek,Madison Creek-Guyandotte River,12,1,2013-11-20 00:00:00 to 2018-05-31 00:00:00,12.0,33.33333333333333,12.0,8.333333333333332,12.0,0.0,12.0,0.0,12.0,0.0,Fecal Coliform (MF),1,True,,,,,,,,,,
WV-OGL-53-X_01,McClarity Branch,Fourmile Creek,13,1,2013-11-18 00:00:00 to 2018-06-07 00:00:00,13.0,30.76923076923077,13.0,7.6923076923076925,12.0,0.0,12.0,0.0,12.0,0.0,"Fecal Coliform (MF), Hot Acidity",2,True,,,6.0,0.0,13.0,100.0,13.0,0.0,13.0,0.0
WV-OGL-53-O_01,Red River Fork,Fourmile Creek,12,1,2013-11-19 00:00:00 to 2018-06-18 00:00:00,12.0,25.0,12.0,8.333333333333332,12.0,0.0,12.0,0.0,12.0,0.0,"Fecal Coliform (MF), Hot Acidity",2,True,,,5.0,0.0,12.0,100.0,12.0,0.0,12.0,0.0
WV-OGL-42_01,Falls Creek,Madison Creek-Guyandotte River,12,1,2013-11-20 00:00:00 to 2018-06-05 00:00:00,12.0,8.333333333333332,12.0,0.0,12.0,0.0,12.0,0.0,12.0,0.0,None,0,False,10.0,0.0,,,,,,,,
WV-OGL-53-G_01,Kentuck Fork,Fourmile Creek,12,1,2013-11-21 00:00:00 to 2018-06-19 00:00:00,12.0,25.0,12.0,8.333333333333332,12.0,0.0,12.0,0.0,12.0,0.0,"Fecal Coliform (MF), Hot Acidity",2,True,,,5.0,0.0,12.0,100.0,12.0,0.0,12.0,0.0
WV-OGL-10-BL-19_01,Sugartree Fork,Middle Fork Mud River,11,1,2017-08-21 00:00:00 to 2018-06-12 00:00:00,11.0,0.0,11.0,0.0,11.0,0.0,11.0,0.0,11.0,0.0,None,0,False,,,,,,,,,,
WV-OGL-10-BL-19-G_01,Maul Fork,Middle Fork Mud River,11,1,2017-08-21 00:00:00 to 2018-06-12 00:00:00,11.0,27.27272727272727,11.0,0.0,11.0,0.0,11.0,0.0,11.0,0.0,Fecal Coliform (MF),1,True,,,,,,,,,,
WV-OGL-10-BL-19-A_01,Big Branch,Middle Fork Mud River,11,1,2017-08-17 00:00:00 to 2018-06-18 00:00:00,8.0,37.5,8.0,12.5,8.0,0.0,8.0,0.0,8.0,0.0,"Fecal Coliform (MF), Fe, Total",2,True,,,,,,,,,,
WV-OGL-10-BL-19-B_01,Sycamore Fork,Middle Fork Mud River,11,1,2017-08-17 00:00:00 to 2018-06-12 00:00:00,11.0,63.63636363636363,11.0,0.0,11.0,0.0,11.0,0.0,11.0,0.0,Fecal Coliform (MF),1,True,,,,,,,,,,
WV-OGL-10-BL-18-E-2_01,UNT/Bear Fork RM 0.53,Middle Fork Mud River,3,1,2013-06-05 00:00:00 to 2025-06-11 00:00:00,,,,,,,,,,,None,0,False,,,,,,,,,,
WV-OGL-140_01,Peach Creek,Crawley Creek-Guyandotte River,22,4,2013-11-18 00:00:00 to 2022-06-22 00:00:00,14.0,64.28571428571429,14.0,0.0,21.0,0.0,17.0,0.0,21.0,4.761904761904762,"Fecal Coliform (MF), Hot Acidity",2,True,12.0,0.0,13.0,0.0,14.0,100.0,14.0,0.0,14.0,0.0
WV-OGL-139_01,Crooked Creek,Crawley Creek-Guyandotte River,13,1,2013-11-18 00:00:00 to 2018-07-11 00:00:00,13.0,46.15384615384615,13.0,0.0,12.0,8.333333333333332,12.0,0.0,12.0,0.0,"Fecal Coliform (MF), Hot Acidity",2,True,12.0,0.0,6.0,0.0,13.0,100.0,13.0,0.0,13.0,0.0
WV-OGL-10-DJ_01,Dotson Branch,Ballard Fork-Mud River,1,1,2013-11-21 00:00:00 to 2013-11-21 00:00:00,,,,,,,,,,,None,0,False,,,,,,,,,,
WV-OGL-10-DG_01,Slab Creek,Ballard Fork-Mud River,12,2,2013-11-21 00:00:00 to 2018-06-26 00:00:00,12.0,41.66666666666667,12.0,16.666666666666664,12.0,0.0,12.0,0.0,12.0,0.0,"Fecal Coliform (MF), Fe, Total",2,True,,,,,,,,,,
WV-OGL-10-AY-22_01,Trace Creek,Headwaters Trace Fork,13,1,2013-11-18 00:00:00 to 2018-06-07 00:00:00,13.0,46.15384615384615,13.0,0.0,12.0,0.0,12.0,0.0,12.0,0.0,"Fecal Coliform (MF), Hot Acidity",2,True,3.0,0.0,3.0,0.0,3.0,100.0,3.0,0.0,3.0,0.0
WV-OGL-10-AY-42_02,Joes Creek,Headwaters Trace Fork,15,1,2013-11-18 00:00:00 to 2018-06-13 00:00:00,15.0,20.0,15.0,46.666666666666664,12.0,0.0,12.0,0.0,12.0,0.0,"Fecal Coliform (MF), Fe, Total",2,True,,,,,,,,,,
WV-OGL-112-E_01,North Fork/Big Creek,Big Creek,16,2,2013-11-19 00:00:00 to 2022-06-21 00:00:00,14.0,57.14285714285714,14.0,0.0,14.0,0.0,12.0,0.0,14.0,0.0,"Fecal Coliform (MF), Hot Acidity",2,True,4.0,0.0,8.0,0.0,14.0,100.0,14.0,0.0,14.0,0.0
WV-OGL-10-AY_01,Trace Fork,Headwaters Trace Fork,1,1,2013-11-18 00:00:00 to 2013-11-18 00:00:00,,,,,,,,,,,None,0,False,,,,,,,,,,
WV-OGL-10-AY-40_01,Hayzlett Fork,Headwaters Trace Fork,12,1,2013-11-18 00:00:00 to 2018-06-06 00:00:00,12.0,33.33333333333333,12.0,16.666666666666664,12.0,0.0,12.0,0.0,12.0,0.0,"Fecal Coliform (MF), Fe, Total",2,True,,,,,,,,,,
WV-OGL-106_01,Green Shoals Branch,Fourteenmile Creek-Guyandotte River,12,1,2013-11-19 00:00:00 to 2018-06-21 00:00:00,11.0,18.181818181818183,12.0,0.0,11.0,0.0,11.0,0.0,10.0,0.0,Fecal Coliform (MF),1,True,,,,,,,,,,
WV-OGL_10,Guyandotte River (Lower),Fourteenmile Creek-Guyandotte River,25,5,1998-03-02 00:00:00 to 2018-06-19 00:00:00,23.0,26.08695652173913,23.0,8.695652173913043,23.0,0.0,23.0,0.0,21.0,47.61904761904761,"Fecal Coliform (MF), Specific Conductance, Hot Acidity",3,True,4.0,0.0,10.0,0.0,23.0,100.0,23.0,0.0,9.0,0.0
WV-OGL-10-BL-12_01,Scary Creek,Middle Fork Mud River,13,1,2013-11-19 00:00:00 to 2018-06-06 00:00:00,13.0,46.15384615384615,13.0,0.0,12.0,0.0,12.0,0.0,12.0,0.0,Fecal Coliform (MF),1,True,,,,,,,,,,
WV-OGL-10-BL_04,Middle Fork/Mud River,Middle Fork Mud River,39,5,2003-09-29 00:00:00 to 2018-06-19 00:00:00,38.0,44.73684210526316,38.0,26.31578947368421,35.0,0.0,35.0,0.0,35.0,0.0,"Fecal Coliform (MF), Fe, Total, Al, Dissolved, Hot Acidity",4,True,3.0,0.0,11.0,0.0,5.0,100.0,3.0,33.33333333333333,8.0,0.0
WV-OGL-10-BA_01,Buffalo Creek,Buffalo Creek-Mud River,23,3,2013-11-19 00:00:00 to 2018-07-03 00:00:00,22.0,22.727272727272727,22.0,9.090909090909092,22.0,0.0,22.0,0.0,22.0,0.0,"Fecal Coliform (MF), Hot Acidity",2,True,3.0,0.0,3.0,0.0,3.0,100.0,,,3.0,0.0
WV-OGL-10-AY-24_01,Lick Creek,Headwaters Trace Fork,12,1,2013-11-19 00:00:00 to 2018-06-20 00:00:00,12.0,25.0,12.0,8.333333333333332,12.0,0.0,12.0,8.333333333333332,12.0,0.0,Fecal Coliform (MF),1,True,,,,,,,,,,
WV-OGL-99-T_01,Tomblin Branch,Big Harts Creek,2,1,2013-11-20 00:00:00 to 2019-10-21 00:00:00,,,,,,,,,,,None,0,False,,,,,,,,,,
WV-OGL-10-AY-26_01,Turkey Creek,Headwaters Trace Fork,12,1,2013-11-19 00:00:00 to 2018-06-20 00:00:00,12.0,58.333333333333336,12.0,16.666666666666664,12.0,0.0,12.0,0.0,12.0,0.0,"Fecal Coliform (MF), Fe, Total",2,True,,,,,,,,,,
WV-OGL-108_01,Abbott Branch,Fourteenmile Creek-Guyandotte River,14,1,2013-11-20 00:00:00 to 2018-07-03 00:00:00,13.0,30.76923076923077,13.0,0.0,12.0,0.0,12.0,0.0,11.0,0.0,"Fecal Coliform (MF), Hot Acidity",2,True,3.0,0.0,3.0,0.0,3.0,100.0,3.0,0.0,3.0,0.0
WV-OGL-10-AY-13_01,Hungry Creek,Outlet Trace Fork,12,2,2013-11-20 00:00:00 to 2018-06-21 00:00:00,12.0,8.333333333333332,12.0,0.0,12.0,0.0,12.0,8.333333333333332,12.0,0.0,None,0,False,,,,,,,,,,
WV-OGL-10-AY_06,Trace Fork,Outlet Trace Fork,25,2,2003-09-29 00:00:00 to 2018-06-21 00:00:00,24.0,25.0,24.0,33.33333333333333,23.0,0.0,23.0,0.0,23.0,0.0,"Fecal Coliform (MF), Fe, Total",2,True,,,7.0,0.0,,,,,6.0,0.0
WV-OGL-72_01,Ranger Branch,Tenmile Creek-Guyandotte River,1,1,2013-11-19 00:00:00 to 2013-11-19 00:00:00,,,,,,,,,,,None,0,False,,,,,,,,,,
WV-OGL-10-AJ_03,Kilgore Creek,Mill Creek-Mud River,1,1,2013-11-20 00:00:00 to 2013-11-20 00:00:00,,,,,,,,,,,None,0,False,,,,,,,,,,
WV-OGL-10-AR_01,Big Twomile Creek,Charley Creek-Mud River,13,1,2013-11-21 00:00:00 to 2018-07-02 00:00:00,12.0,8.333333333333332,12.0,0.0,11.0,0.0,11.0,0.0,11.0,0.0,Hot Acidity,1,True,3.0,0.0,3.0,0.0,3.0,100.0,3.0,0.0,3.0,0.0
WV-OGL-69_01,Furnett Creek,Tenmile Creek-Guyandotte River,14,1,2013-11-19 00:00:00 to 2021-09-15 00:00:00,14.0,14.285714285714285,14.0,7.142857142857142,14.0,14.285714285714285,14.0,0.0,14.0,0.0,"Fecal Coliform (MF), pH, Hot Acidity",3,True,4.0,0.0,4.0,0.0,4.0,100.0,4.0,0.0,4.0,0.0
WV-OGL-89-J_01,Rockhouse Branch,Big Ugly Creek,2,1,2013-11-19 00:00:00 to 2019-10-30 00:00:00,,,,,,,,,,,None,0,False,,,,,,,,,,
WV-OGL-89-G-4_01,Back Fork,Big Ugly Creek,12,1,2013-11-20 00:00:00 to 2018-06-20 00:00:00,12.0,0.0,12.0,0.0,12.0,0.0,12.0,0.0,12.0,0.0,Hot Acidity,1,True,,,5.0,0.0,12.0,100.0,12.0,0.0,12.0,0.0
WV-OGL-89_01,Big Ugly Creek,Big Ugly Creek,25,3,2013-11-20 00:00:00 to 2019-10-30 00:00:00,23.0,13.043478260869565,23.0,0.0,25.0,0.0,23.0,0.0,25.0,0.0,"Fecal Coliform (MF), Hot Acidity",2,True,3.0,0.0,10.0,0.0,23.0,100.0,23.0,0.0,23.0,0.0
WV-OGL-98_01,Browns Branch,Fourteenmile Creek-Guyandotte River,1,1,2013-11-20 00:00:00 to 2013-11-20 00:00:00,,,,,,,,,,,None,0,False,,,,,,,,,,
WV-OGL_12,Guyandotte River (Lower),Smith Creek-Guyandotte River,53,10,1984-08-08 00:00:00 to 2020-11-18 00:00:00,46.0,26.08695652173913,46.0,19.565217391304348,34.0,0.0,34.0,0.0,35.0,40.0,"Fecal Coliform (MF), Fe, Total, Specific Conductance, Hot Acidity",4,True,8.0,0.0,19.0,0.0,46.0,100.0,46.0,0.0,18.0,0.0
WV-OGL-10-CB_01,Little Laurel Creek,Big Creek-Mud River,12,2,2013-11-18 00:00:00 to 2018-06-28 00:00:00,12.0,91.66666666666666,12.0,0.0,12.0,0.0,12.0,0.0,12.0,0.0,Fecal Coliform (MF),1,True,,,,,,,,,,
WV-OGL-10-CH_01,Big Laurel Creek,Big Creek-Mud River,23,2,2013-11-19 00:00:00 to 2018-06-28 00:00:00,23.0,26.08695652173913,23.0,4.3478260869565215,23.0,0.0,23.0,0.0,23.0,0.0,Fecal Coliform (MF),1,True,,,,,,,,,,
WV-OGL-23_01,Heath Creek,Smith Creek-Guyandotte River,12,2,2013-11-19 00:00:00 to 2018-06-19 00:00:00,12.0,25.0,12.0,0.0,12.0,0.0,11.0,0.0,12.0,0.0,Fecal Coliform (MF),1,True,,,,,,,,,,
WV-OGL-29_01,Tom Creek,Smith Creek-Guyandotte River,12,2,2013-11-19 00:00:00 to 2018-06-20 00:00:00,9.0,33.33333333333333,9.0,11.11111111111111,9.0,0.0,9.0,0.0,9.0,0.0,"Fecal Coliform (MF), Fe, Total",2,True,,,,,,,,,,
WV-OGL-31_01,Tyler Creek,Smith Creek-Guyandotte River,12,2,2013-11-19 00:00:00 to 2018-06-05 00:00:00,12.0,83.33333333333334,12.0,8.333333333333332,12.0,0.0,11.0,9.090909090909092,12.0,0.0,"Fecal Coliform (MF), Hot Acidity",2,True,3.0,0.0,3.0,0.0,3.0,100.0,3.0,0.0,3.0,0.0
WV-OGL-10_01,Mud River,Ballard Fork-Mud River,41,1,2008-09-15 00:00:00 to 2020-10-15 00:00:00,29.0,31.03448275862069,13.0,7.6923076923076925,46.0,0.0,45.0,0.0,44.0,0.0,"Fecal Coliform (MF), Hot Acidity",2,True,3.0,0.0,21.0,0.0,13.0,100.0,13.0,0.0,14.0,0.0
WV-OGL-35_01,Bear Creek,Madison Creek-Guyandotte River,13,2,2003-09-17 00:00:00 to 2018-06-20 00:00:00,11.0,45.45454545454545,11.0,9.090909090909092,11.0,0.0,11.0,0.0,11.0,0.0,Fecal Coliform (MF),1,True,,,,,,,,,,
WV-OGL-10-CS-10_01,Dogbone Branch,Left Fork Mud River,12,1,2013-11-20 00:00:00 to 2018-06-26 00:00:00,12.0,91.66666666666666,12.0,0.0,12.0,0.0,12.0,0.0,12.0,0.0,Fecal Coliform (MF),1,True,,,,,,,,,,
WV-OGL-89-E_01,Big Branch,Big Ugly Creek,14,1,2017-08-08 00:00:00 to 2018-06-06 00:00:00,14.0,0.0,14.0,0.0,11.0,9.090909090909092,11.0,0.0,11.0,0.0,Hot Acidity,1,True,,,5.0,0.0,14.0,100.0,14.0,0.0,14.0,0.0
WV-OGL-99-B_01,Big Branch,Big Harts Creek,15,2,2017-08-29 00:00:00 to 2022-06-15 00:00:00,11.0,72.72727272727273,13.0,0.0,14.0,0.0,12.0,8.333333333333332,13.0,0.0,Fecal Coliform (MF),1,True,,,,,,,,,,
WV-OGL-10-EA-7-B_01,UNT/Sally Fork RM 0.48,Ballard Fork-Mud River,13,2,2017-08-29 00:00:00 to 2019-10-17 00:00:00,10.0,0.0,10.0,10.0,13.0,0.0,13.0,0.0,13.0,38.46153846153847,"Specific Conductance, Sulfate (SO4), Hot Acidity",3,True,,,5.0,20.0,10.0,100.0,10.0,0.0,9.0,0.0
WV-OGL-10-AF_01,Dry Creek,Mill Creek-Mud River,11,1,2017-08-23 00:00:00 to 2018-06-07 00:00:00,11.0,18.181818181818183,11.0,0.0,11.0,0.0,11.0,0.0,11.0,0.0,Fecal Coliform (MF),1,True,,,,,,,,,,
WV-OGL-10-AE_01,Saunders Creek,Mill Creek-Mud River,12,1,2017-08-23 00:00:00 to 2021-09-14 00:00:00,11.0,54.54545454545454,11.0,0.0,11.0,0.0,11.0,9.090909090909092,11.0,0.0,Fecal Coliform (MF),1,True,,,,,,,,,,
WV-OGL-10-AY-46_01,Dry Branch,Headwaters Trace Fork,11,1,2017-08-09 00:00:00 to 2018-06-20 00:00:00,11.0,54.54545454545454,11.0,0.0,11.0,0.0,11.0,9.090909090909092,11.0,0.0,Fecal Coliform (MF),1,True,,,,,,,,,,
WV-OGL-10-BL-15_01,Merritt Creek,Middle Fork Mud River,11,1,2017-08-16 00:00:00 to 2018-06-18 00:00:00,10.0,80.0,10.0,0.0,10.0,0.0,10.0,0.0,10.0,0.0,Fecal Coliform (MF),1,True,,,,,,,,,,
WV-OGL-10-AY_04,Trace Fork,Headwaters Trace Fork,11,1,2017-08-22 00:00:00 to 2018-06-12 00:00:00,11.0,27.27272727272727,11.0,9.090909090909092,11.0,0.0,11.0,27.27272727272727,11.0,0.0,"Fecal Coliform (MF), DO",2,True,,,,,,,,,,
WV-OGL-10-DO_01,Mullins Branch,Ballard Fork-Mud River,12,1,2017-08-28 00:00:00 to 2019-11-05 00:00:00,11.0,9.090909090909092,11.0,0.0,12.0,0.0,11.0,0.0,12.0,100.0,"Se, Total, Specific Conductance, Sulfate (SO4), Hot Acidity",4,True,,,5.0,100.0,11.0,100.0,11.0,0.0,11.0,100.0
WV-OGL-138_01,Snap Creek,Crawley Creek-Guyandotte River,11,1,2017-08-28 00:00:00 to 2018-06-19 00:00:00,11.0,27.27272727272727,11.0,0.0,10.0,0.0,10.0,0.0,10.0,0.0,"Fecal Coliform (MF), Hot Acidity",2,True,11.0,0.0,4.0,0.0,11.0,100.0,11.0,0.0,11.0,0.0
WV-OGL-138-B_01,UNT/Snap Creek RM 0.63,Crawley Creek-Guyandotte River,11,1,2017-08-28 00:00:00 to 2018-06-27 00:00:00,11.0,18.181818181818183,11.0,18.181818181818183,10.0,0.0,10.0,0.0,10.0,60.0,"Fecal Coliform (MF), Fe, Total, Specific Conductance, Hot Acidity",4,True,11.0,0.0,5.0,0.0,11.0,100.0,11.0,0.0,11.0,0.0
WV-OGL-134_01,King Shoal Branch,Crawley Creek-Guyandotte River,12,1,2017-08-30 00:00:00 to 2018-06-28 00:00:00,12.0,75.0,12.0,0.0,11.0,0.0,11.0,0.0,11.0,0.0,"Fecal Coliform (MF), Hot Acidity",2,True,,,6.0,0.0,12.0,100.0,12.0,0.0,12.0,0.0
WV-OGL-10-BL-4_01,Middle Creek,Middle Fork Mud River,11,1,2017-08-16 00:00:00 to 2018-06-19 00:00:00,10.0,20.0,10.0,0.0,10.0,0.0,10.0,0.0,10.0,0.0,Fecal Coliform (MF),1,True,,,,,,,,,,
WV-OGL-10-BL-10_01,Davis Trace Branch,Middle Fork Mud River,11,1,2017-08-16 00:00:00 to 2018-06-19 00:00:00,10.0,40.0,10.0,10.0,10.0,0.0,10.0,0.0,10.0,0.0,Fecal Coliform (MF),1,True,,,,,,,,,,
WV-OGL-99-J-9_01,White Oak Branch,Big Harts Creek,14,3,2017-08-28 00:00:00 to 2019-10-16 00:00:00,11.0,100.0,11.0,0.0,14.0,0.0,11.0,0.0,13.0,0.0,Fecal Coliform (MF),1,True,,,,,,,,,,
WV-OGL-96_01,Little Harts Creek,Fourteenmile Creek-Guyandotte River,15,3,2017-09-07 00:00:00 to 2022-06-21 00:00:00,13.0,69.23076923076923,13.0,0.0,13.0,0.0,10.0,0.0,12.0,0.0,Fecal Coliform (MF),1,True,,,,,,,,,,
WV-OGL-10-EA-7_01,Sally Fork,Ballard Fork-Mud River,13,2,2017-08-29 00:00:00 to 2019-10-17 00:00:00,10.0,0.0,10.0,10.0,13.0,0.0,13.0,0.0,13.0,15.384615384615385,"Specific Conductance, Sulfate (SO4), Hot Acidity",3,True,,,5.0,20.0,10.0,100.0,10.0,0.0,9.0,0.0
WV-OGL-135-G_01,Butch Fork,Crawley Creek-Guyandotte River,11,1,2017-08-29 00:00:00 to 2018-07-11 00:00:00,11.0,36.36363636363637,11.0,0.0,10.0,0.0,10.0,0.0,10.0,0.0,Fecal Coliform (MF),1,True,,,,,,,,,,
WV-OGL-135-F_01,Long Fork,Crawley Creek-Guyandotte River,12,1,2017-08-29 00:00:00 to 2018-07-11 00:00:00,12.0,83.33333333333334,12.0,0.0,10.0,0.0,10.0,0.0,10.0,0.0,Fecal Coliform (MF),1,True,,,,,,,,,,
WV-OGL-116_01,UNT/Guyandotte River RM 65.88,Crawley Creek-Guyandotte River,13,3,2017-08-29 00:00:00 to 2019-10-24 00:00:00,11.0,0.0,11.0,9.090909090909092,13.0,0.0,11.0,0.0,13.0,100.0,"Mn, Total, Specific Conductance, Sulfate (SO4), Hot Acidity",4,True,9.0,66.66666666666666,6.0,100.0,11.0,100.0,11.0,0.0,11.0,0.0
WV-OGL-10-AO-11_01,Panther Lick,Charley Creek-Mud River,11,1,2017-08-01 00:00:00 to 2018-06-11 00:00:00,11.0,27.27272727272727,11.0,9.090909090909092,11.0,0.0,11.0,0.0,11.0,0.0,Fecal Coliform (MF),1,True,,,,,,,,,,
WV-OGL-99-H_01,Rockhouse Fork,Big Harts Creek,25,2,2017-08-29 00:00:00 to 2022-06-15 00:00:00,15.0,86.66666666666667,16.0,12.5,22.0,0.0,18.0,0.0,21.0,23.809523809523807,"Fecal Coliform (MF), Fe, Total, Specific Conductance, Hot Acidity",4,True,5.0,0.0,16.0,6.25,16.0,100.0,16.0,0.0,18.0,0.0
WV-OGL-99-J-5_01,Browns Run,Big Harts Creek,13,2,2017-08-29 00:00:00 to 2019-10-16 00:00:00,11.0,63.63636363636363,11.0,0.0,13.0,0.0,11.0,0.0,12.0,0.0,Fecal Coliform (MF),1,True,,,,,,,,,,
WV-OGL-99-A-3_01,Piney Fork,Big Harts Creek,12,1,2017-08-30 00:00:00 to 2018-06-04 00:00:00,12.0,58.333333333333336,12.0,8.333333333333332,11.0,0.0,11.0,0.0,10.0,0.0,Fecal Coliform (MF),1,True,,,,,,,,,,
WV-OGL-89-G-10_01,Chestnut Oak Creek,Big Ugly Creek,11,1,2017-08-09 00:00:00 to 2018-06-20 00:00:00,11.0,0.0,11.0,0.0,11.0,0.0,11.0,0.0,11.0,0.0,Hot Acidity,1,True,,,4.0,0.0,11.0,100.0,11.0,0.0,11.0,9.090909090909092
WV-OGL-130_01,Rocky Branch,Crawley Creek-Guyandotte River,21,5,1998-05-13 00:00:00 to 2020-09-29 00:00:00,11.0,27.27272727272727,11.0,0.0,20.0,0.0,16.0,0.0,20.0,60.0,"Fecal Coliform (MF), Specific Conductance, Hot Acidity",3,True,,,11.0,0.0,11.0,100.0,11.0,0.0,11.0,0.0
WV-OGL-10-AY-36_01,Twomile Branch,Headwaters Trace Fork,12,2,2003-04-24 00:00:00 to 2018-06-20 00:00:00,11.0,9.090909090909092,11.0,9.090909090909092,11.0,0.0,11.0,0.0,11.0,0.0,None,0,False,,,,,,,,,,
WV-OGL-10-AY-38_01,Trace Branch,Headwaters Trace Fork,11,1,2017-08-08 00:00:00 to 2018-06-20 00:00:00,10.0,0.0,10.0,0.0,10.0,0.0,10.0,0.0,10.0,0.0,None,0,False,,,,,,,,,,
WV-OGL-10-AY-39_01,Tony Branch,Headwaters Trace Fork,11,1,2017-08-09 00:00:00 to 2018-06-20 00:00:00,11.0,0.0,11.0,9.090909090909092,11.0,0.0,11.0,0.0,11.0,0.0,None,0,False,,,,,,,,,,
WV-OGL-10-AY-10-B_01,Harvey Creek,Outlet Trace Fork,11,1,2017-08-07 00:00:00 to 2018-06-18 00:00:00,11.0,27.27272727272727,11.0,9.090909090909092,11.0,0.0,11.0,9.090909090909092,11.0,0.0,Fecal Coliform (MF),1,True,,,,,,,,,,
WV-OGL-10-AY-42-D_01,Laurel Fork,Headwaters Trace Fork,11,1,2017-08-09 00:00:00 to 2018-06-13 00:00:00,11.0,18.181818181818183,11.0,0.0,11.0,0.0,11.0,0.0,11.0,0.0,Fecal Coliform (MF),1,True,,,,,,,,,,
WV-OGL-99-K-6_01,Ivy Branch,Big Harts Creek,13,1,2017-08-30 00:00:00 to 2019-10-21 00:00:00,12.0,41.66666666666667,12.0,8.333333333333332,13.0,0.0,12.0,0.0,12.0,0.0,"Fecal Coliform (MF), Hot Acidity",2,True,,,5.0,0.0,12.0,100.0,12.0,0.0,12.0,0.0
WV-OGL-117-H_01,Tims Fork,Crawley Creek-Guyandotte River,14,1,2017-08-23 00:00:00 to 2019-10-17 00:00:00,12.0,66.66666666666666,12.0,16.666666666666664,12.0,0.0,11.0,0.0,12.0,0.0,"Fecal Coliform (MF), Fe, Total, Hot Acidity",3,True,,,5.0,0.0,12.0,100.0,12.0,0.0,12.0,0.0
WV-OGL-117_01,Crawley Creek,Crawley Creek-Guyandotte River,21,3,2017-08-23 00:00:00 to 2020-09-30 00:00:00,11.0,81.81818181818183,11.0,18.181818181818183,21.0,0.0,16.0,0.0,21.0,52.38095238095239,"Fecal Coliform (MF), Fe, Total, Specific Conductance, Sulfate (SO4), Hot Acidity",5,True,,,15.0,26.666666666666668,12.0,100.0,11.0,0.0,14.0,0.0
WV-OGL-117-M.1_01,Middle Fork/Crawley Creek,Crawley Creek-Guyandotte River,14,3,2017-08-23 00:00:00 to 2019-10-17 00:00:00,11.0,45.45454545454545,11.0,9.090909090909092,13.0,0.0,11.0,0.0,14.0,100.0,"Fecal Coliform (MF), Specific Conductance, Sulfate (SO4), Hot Acidity",4,True,,,6.0,83.33333333333334,11.0,100.0,11.0,0.0,11.0,0.0
WV-OGL-10-AZ_01,Little Buffalo Creek,Buffalo Creek-Mud River,12,2,2010-07-22 00:00:00 to 2018-07-03 00:00:00,10.0,50.0,10.0,0.0,10.0,0.0,10.0,0.0,10.0,0.0,Fecal Coliform (MF),1,True,,,,,,,,,,
WV-OGL-10-BR_01,Mahone Creek,Big Creek-Mud River,13,1,2009-07-01 00:00:00 to 2018-06-28 00:00:00,11.0,36.36363636363637,11.0,0.0,10.0,0.0,10.0,0.0,10.0,0.0,Fecal Coliform (MF),1,True,,,,,,,,,,
WV-OGL-10-BU_01,Big Creek,Big Creek-Mud River,11,1,2017-08-15 00:00:00 to 2018-06-28 00:00:00,11.0,36.36363636363637,11.0,9.090909090909092,11.0,0.0,11.0,0.0,11.0,0.0,Fecal Coliform (MF),1,True,,,,,,,,,,
WV-OGL-10-CF_01,Panther Branch,Big Creek-Mud River,11,1,2017-08-15 00:00:00 to 2018-06-27 00:00:00,11.0,9.090909090909092,11.0,0.0,11.0,0.0,11.0,0.0,11.0,0.0,None,0,False,,,,,,,,,,
WV-OGL-10-CK_01,Fez Creek,Big Creek-Mud River,11,1,2017-08-15 00:00:00 to 2018-06-27 00:00:00,11.0,63.63636363636363,11.0,0.0,11.0,0.0,11.0,0.0,11.0,0.0,Fecal Coliform (MF),1,True,,,,,,,,,,
WV-OGL-137-E_01,Right Fork/Buffalo Creek,Crawley Creek-Guyandotte River,13,1,2017-08-07 00:00:00 to 2019-10-24 00:00:00,12.0,8.333333333333332,12.0,0.0,11.0,0.0,10.0,0.0,11.0,0.0,Hot Acidity,1,True,11.0,0.0,4.0,0.0,12.0,100.0,12.0,0.0,12.0,0.0
WV-OGL-10-Q_01,Big Cabell Creek,Big Cabell Creek-Mud River,11,1,2017-08-16 00:00:00 to 2018-06-13 00:00:00,11.0,36.36363636363637,11.0,0.0,10.0,0.0,11.0,0.0,11.0,0.0,Fecal Coliform (MF),1,True,,,,,,,,,,
WV-OGL-12-C_01,Right Fork/Davis Creek,Davis Creek-Guyandotte River,58,5,2017-08-15 00:00:00 to 2020-10-21 00:00:00,33.0,60.60606060606061,13.0,0.0,66.0,0.0,63.0,1.5873015873015872,66.0,27.27272727272727,"Fecal Coliform (MF), Specific Conductance",2,True,,,33.0,0.0,,,,,,
WV-OGL-12-D_01,Left Fork/Davis Creek,Davis Creek-Guyandotte River,32,4,2017-08-15 00:00:00 to 2021-01-11 00:00:00,13.0,84.61538461538461,13.0,0.0,29.0,0.0,26.0,7.6923076923076925,29.0,6.896551724137931,"Fecal Coliform (MF), Hot Acidity",2,True,3.0,0.0,17.0,0.0,3.0,100.0,3.0,0.0,3.0,0.0
WV-OGL-112-H-2_01,Kanawha Branch,Big Creek,16,3,2017-08-09 00:00:00 to 2019-10-22 00:00:00,11.0,27.27272727272727,11.0,9.090909090909092,16.0,18.75,11.0,0.0,16.0,50.0,"Fecal Coliform (MF), pH, Specific Conductance, Sulfate (SO4), Hot Acidity",5,True,,,6.0,16.666666666666664,11.0,100.0,11.0,0.0,11.0,0.0
WV-OGL-10-DC_01,Bear Branch,Ballard Fork-Mud River,12,1,2017-08-17 00:00:00 to 2019-10-21 00:00:00,10.0,30.0,10.0,10.0,11.0,0.0,11.0,0.0,11.0,0.0,Fecal Coliform (MF),1,True,,,,,,,,,,
WV-OGL-112-E-11_01,Harmon Branch,Big Creek,14,2,2017-08-09 00:00:00 to 2022-06-16 00:00:00,13.0,53.84615384615385,13.0,0.0,13.0,0.0,12.0,0.0,13.0,0.0,"Fecal Coliform (MF), Hot Acidity",2,True,3.0,0.0,3.0,0.0,3.0,100.0,3.0,0.0,3.0,0.0
WV-OGL-112-E-10_01,Ellis Fork,Big Creek,15,3,2017-08-09 00:00:00 to 2022-06-16 00:00:00,14.0,50.0,14.0,0.0,14.0,0.0,13.0,0.0,14.0,0.0,"Fecal Coliform (MF), Hot Acidity",2,True,4.0,0.0,4.0,0.0,4.0,100.0,4.0,0.0,4.0,0.0
WV-OGL-18_01,Lower Tom Creek,Smith Creek-Guyandotte River,11,1,2017-08-16 00:00:00 to 2018-06-12 00:00:00,11.0,18.181818181818183,11.0,0.0,10.0,0.0,10.0,0.0,11.0,0.0,Fecal Coliform (MF),1,True,,,,,,,,,,
WV-OGL-10-AC-2_01,McComas Branch,Big Cabell Creek-Mud River,11,1,2017-08-22 00:00:00 to 2018-06-11 00:00:00,11.0,9.090909090909092,11.0,0.0,11.0,0.0,10.0,10.0,11.0,0.0,None,0,False,,,,,,,,,,
WV-OGL-10-AD-7_01,Long Branch,Mill Creek-Mud River,11,1,2017-08-22 00:00:00 to 2018-06-11 00:00:00,11.0,27.27272727272727,11.0,9.090909090909092,11.0,0.0,11.0,0.0,11.0,0.0,Fecal Coliform (MF),1,True,,,,,,,,,,
WV-OGL-15-A_01,UNT/Mill Creek RM 0.21,Smith Creek-Guyandotte River,11,1,2017-08-30 00:00:00 to 2018-06-12 00:00:00,9.0,33.33333333333333,9.0,0.0,9.0,0.0,9.0,0.0,8.0,0.0,Fecal Coliform (MF),1,True,,,,,,,,,,
WV-OGL-64-D_01,Hager Fork,Tenmile Creek-Guyandotte River,11,1,2017-08-02 00:00:00 to 2018-06-04 00:00:00,10.0,30.0,10.0,10.0,10.0,0.0,10.0,0.0,10.0,0.0,Fecal Coliform (MF),1,True,,,,,,,,,,
WV-OGL-66_01,Tenmile Creek,Tenmile Creek-Guyandotte River,23,2,2017-08-03 00:00:00 to 2019-07-24 00:00:00,22.0,27.27272727272727,22.0,9.090909090909092,22.0,4.545454545454546,22.0,0.0,22.0,0.0,Fecal Coliform (MF),1,True,,,,,,,,,,
WV-OGL-75_01,Fourteenmile Creek,Fourteenmile Creek-Guyandotte River,13,1,2017-08-07 00:00:00 to 2021-09-15 00:00:00,13.0,46.15384615384615,13.0,0.0,13.0,0.0,13.0,0.0,13.0,0.0,Fecal Coliform (MF),1,True,,,,,,,,,,
WV-OGL-129_01,Caney Branch,Crawley Creek-Guyandotte River,12,1,2017-08-09 00:00:00 to 2022-06-22 00:00:00,12.0,50.0,12.0,16.666666666666664,12.0,0.0,11.0,0.0,12.0,0.0,"Fecal Coliform (MF), Fe, Total",2,True,,,,,,,,,,
WV-OGL-112-H-6_01,Hainer Branch,Big Creek,11,1,2017-08-10 00:00:00 to 2018-07-03 00:00:00,10.0,40.0,10.0,10.0,10.0,0.0,10.0,0.0,10.0,0.0,Fecal Coliform (MF),1,True,,,,,,,,,,
WV-OGL-112-H_01,Garrett Fork,Big Creek,11,1,2017-08-10 00:00:00 to 2018-07-03 00:00:00,11.0,63.63636363636363,11.0,0.0,11.0,0.0,11.0,0.0,11.0,0.0,Fecal Coliform (MF),1,True,,,,,,,,,,
WV-OGL-L2-087,Chief Logan Lake,Crawley Creek-Guyandotte River,7,3,2018-06-18 00:00:00 to 2018-09-27 00:00:00,5.0,0.0,,,83.0,0.0,80.0,43.75,83.0,0.0,DO,1,True,,,,,,,,,,
WV-OGL-4_01,UNT/Guyandotte River RM 2.21,Davis Creek-Guyandotte River,1,1,2017-11-01 00:00:00 to 2017-11-01 00:00:00,,,,,,,,,,,None,0,False,,,,,,,,,,
WV-OGL-2_01,UNT/Guyandotte River RM 1.45,Davis Creek-Guyandotte River,1,1,2017-11-01 00:00:00 to 2017-11-01 00:00:00,,,,,,,,,,,None,0,False,,,,,,,,,,
WV-OGL-13_01,Booten Creek,Davis Creek-Guyandotte River,2,2,2003-04-22 00:00:00 to 2017-11-01 00:00:00,,,,,,,,,,,None,0,False,,,,,,,,,,
WV-OGL-14_01,Holland Creek,Davis Creek-Guyandotte River,1,1,2017-11-02 00:00:00 to 2017-11-02 00:00:00,,,,,,,,,,,None,0,False,,,,,,,,,,
WV-OGL-12-C-2_01,UNT/Right Fork RM 0.70/Davis Creek,Davis Creek-Guyandotte River,12,2,2019-10-29 00:00:00 to 2020-10-21 00:00:00,,,,,12.0,0.0,10.0,10.0,12.0,58.333333333333336,Specific Conductance,1,True,,,11.0,0.0,,,,,,
CANAL/DITCH,UNT/Mud River RM 75.33,Ballard Fork-Mud River,6,5,2019-10-16 00:00:00 to 2019-11-04 00:00:00,,,,,6.0,0.0,4.0,0.0,6.0,100.0,"Se, Total, Specific Conductance, Sulfate (SO4)",3,True,,,5.0,100.0,,,,,3.0,66.66666666666666
WV-OGL-117-M-3_01,UNT/South Fork RM 0.61/Crawley Creek,Crawley Creek-Guyandotte River,21,1,2019-10-17 00:00:00 to 2020-10-22 00:00:00,,,,,38.0,0.0,37.0,0.0,38.0,100.0,"Specific Conductance, Sulfate (SO4)",2,True,,,11.0,63.63636363636363,,,,,,
WVOGM-48.7_NC,UNT/Mud River RM 78.34,Ballard Fork-Mud River,96,1,2019-11-04 00:00:00 to 2020-12-03 00:00:00,28.0,14.285714285714285,28.0,3.571428571428571,109.0,0.0,108.0,0.0,110.0,100.0,"Fecal Coliform (MF), Se, Total, Specific Conductance, Sulfate (SO4)",4,True,,,61.0,96.72131147540983,,,,,29.0,100.0
WV-OGL-5-B_01,UNT/Russell Creek RM 0.98,Davis Creek-Guyandotte River,10,4,2019-10-29 00:00:00 to 2020-10-20 00:00:00,,,,,8.0,0.0,5.0,0.0,8.0,0.0,None,0,False,,,5.0,0.0,,,,,,
WV-OGL-10-A-1_01,UNT/Merrick Creek RM 0.99,Merrick Creek-Mud River,31,3,2019-10-28 00:00:00 to 2020-10-20 00:00:00,,,,,41.0,0.0,39.0,2.564102564102564,41.0,63.41463414634146,Specific Conductance,1,True,,,11.0,0.0,,,,,,
WV-OGL-12-D-3_01,UNT/Left Fork RM 1.57/Davis Creek,Davis Creek-Guyandotte River,11,1,2019-10-29 00:00:00 to 2020-10-21 00:00:00,,,,,8.0,0.0,7.0,0.0,8.0,25.0,Specific Conductance,1,True,,,8.0,0.0,,,,,,
WV-OGL-10-D-2_01,UNT/Cyrus Creek RM 1.25,Merrick Creek-Mud River,11,2,2019-10-18 00:00:00 to 2020-10-21 00:00:00,,,,,9.0,0.0,8.0,0.0,9.0,0.0,None,0,False,,,8.0,0.0,,,,,,
WV-OGL-10-DV_01,UNT/Mud River RM 76.67,Ballard Fork-Mud River,2,2,2019-11-04 00:00:00 to 2019-11-05 00:00:00,,,,,,,,,,,None,0,False,,,,,,,,,,
WV-OGL-10-A-2_01,UNT/Merrick Creek RM 1.36,Merrick Creek-Mud River,7,1,2019-10-28 00:00:00 to 2020-10-20 00:00:00,,,,,7.0,0.0,6.0,0.0,7.0,0.0,None,0,False,,,6.0,0.0,,,,,,
WV-OGL-10-DN-4_01,UNT/Berry Branch RM 1.56,Ballard Fork-Mud River,1,1,2019-10-23 00:00:00 to 2019-10-23 00:00:00,,,,,,,,,,,None,0,False,,,,,,,,,,
WV-OGL-117-M-2_01,UNT/South Fork RM 0.48/Crawley Creek,Crawley Creek-Guyandotte River,2,2,2019-10-17 00:00:00 to 2020-01-24 00:00:00,,,,,,,,,,,None,0,False,,,,,,,,,,
WV-OGL-112-F-1_01,UNT/Vickers Branch RM 0.78,Big Creek,1,1,2019-10-22 00:00:00 to 2019-10-22 00:00:00,,,,,,,,,,,None,0,False,,,,,,,,,,
WVOGM-47-B_NC,UNT/Sugartree Branch RM 0.48,Ballard Fork-Mud River,1,1,2019-10-22 00:00:00 to 2019-10-22 00:00:00,,,,,,,,,,,None,0,False,,,,,,,,,,
WV-OGL-125-B_01,UNT/Godby Branch RM 0.84,Crawley Creek-Guyandotte River,2,2,2019-10-24 00:00:00 to 2019-10-24 00:00:00,,,,,,,,,,,None,0,False,,,,,,,,,,
WV-OGL-10-EA-4_01,Spring Branch,Ballard Fork-Mud River,1,1,2019-10-16 00:00:00 to 2019-10-16 00:00:00,,,,,,,,,,,None,0,False,,,,,,,,,,
WVOGM-49-A.5_NC,Gum Hollow,Ballard Fork-Mud River,1,1,2019-10-16 00:00:00 to 2019-10-16 00:00:00,,,,,,,,,,,None,0,False,,,,,,,,,,
WV-OGL-10-EA-6_01,Left Fork/Ballard Fork,Ballard Fork-Mud River,1,1,2019-10-17 00:00:00 to 2019-10-17 00:00:00,,,,,,,,,,,None,0,False,,,,,,,,,,
WV-OGL-10-EA-7-A_01,UNT/Sally Fork RM 0.23,Ballard Fork-Mud River,1,1,2019-10-17 00:00:00 to 2019-10-17 00:00:00,,,,,,,,,,,None,0,False,,,,,,,,,,
WVOGM-49.5_NC,Passenger Fork,Ballard Fork-Mud River,1,1,2019-10-17 00:00:00 to 2019-10-17 00:00:00,,,,,,,,,,,None,0,False,,,,,,,,,,
WVOGM-48-B_NC,UNT/Stanley Fork RM 1.10,Ballard Fork-Mud River,1,1,2019-10-22 00:00:00 to 2019-10-22 00:00:00,,,,,,,,,,,None,0,False,,,,,,,,,,
WV-OGL-10-DW-1_01,UNT/Sugartree Branch RM 0.17,Ballard Fork-Mud River,2,2,2019-10-22 00:00:00 to 2019-10-22 00:00:00,,,,,,,,,,,None,0,False,,,,,,,,,,
WV-OGL-112-I-1_01,Meetinghouse Branch,Big Creek,3,3,2019-10-24 00:00:00 to 2019-10-24 00:00:00,,,,,3.0,0.0,,,3.0,33.33333333333333,Specific Conductance,1,True,,,3.0,0.0,,,,,,
WV-OGL-111-B_01,UNT/Limestone Branch RM 1.06,Fourteenmile Creek-Guyandotte River,2,2,2019-10-24 00:00:00 to 2019-10-24 00:00:00,,,,,,,,,,,None,0,False,,,,,,,,,,
WV-OGL-99-J-7_01,UNT/Smokehouse Fork RM 5.14,Big Harts Creek,2,2,2019-10-16 00:00:00 to 2019-10-16 00:00:00,,,,,,,,,,,None,0,False,,,,,,,,,,
WV-OGL-112-H-2-A_01,Wheatley Branch,Big Creek,2,2,2019-10-22 00:00:00 to 2019-10-22 00:00:00,,,,,,,,,,,None,0,False,,,,,,,,,,
WV-OGL-10-D-3_01,UNT/Cyrus Creek RM 1.63,Merrick Creek-Mud River,12,1,2019-10-18 00:00:00 to 2020-10-21 00:00:00,,,,,9.0,0.0,8.0,0.0,9.0,0.0,None,0,False,,,,,,,,,,
WV-OGL-10-D-4_01,UNT/Cyrus Creek RM 2.42,Merrick Creek-Mud River,3,2,2019-10-18 00:00:00 to 2019-11-05 00:00:00,,,,,3.0,0.0,,,3.0,66.66666666666666,Specific Conductance,1,True,,,,,,,,,,
WV-OGL-10-Q-9-B_01,UNT/Big Hill Hollow RM 0.58,Big Cabell Creek-Mud River,1,1,2020-04-28 00:00:00 to 2020-04-28 00:00:00,,,,,,,,,,,None,0,False,,,,,,,,,,
WV-OGL-71_01,Laurel Branch,Tenmile Creek-Guyandotte River,1,1,2021-05-12 00:00:00 to 2021-05-12 00:00:00,,,,,,,,,,,None,0,False,,,,,,,,,,
WV-OGL-10-BL-18-A-1_01,Sams Branch,Middle Fork Mud River,1,1,2023-05-04 00:00:00 to 2023-05-04 00:00:00,,,,,,,,,,,None,0,False,,,,,,,,,,
